DATE,spindx
19620702,55.86
19620703,56.49
19620705,56.81
19620706,56.17
19620709,56.55
19620710,57.20
19620711,57.73
19620712,58.03
19620713,57.83
19620716,57.83
19620717,56.78
19620718,56.20
19620719,56.42
19620720,56.81
19620723,56.80
19620724,56.36
19620725,56.46
19620726,56.77
19620727,57.20
19620730,57.83
19620731,58.23
19620801,57.75
19620802,57.98
19620803,58.12
19620806,57.75
19620807,57.36
19620808,57.51
19620809,57.47
19620810,57.55
19620813,57.63
19620814,58.25
19620815,58.66
19620816,58.64
19620817,59.01
19620820,59.37
19620821,59.12
19620822,59.78
19620823,59.70
19620824,59.58
19620827,59.55
19620828,58.79
19620829,58.66
19620830,58.68
19620831,59.12
19620904,58.56
19620905,58.12
19620906,58.36
19620907,58.38
19620910,58.45
19620911,58.59
19620912,58.84
19620913,58.70
19620914,58.89
19620917,59.08
19620918,59.03
19620919,58.95
19620920,58.54
19620921,57.69
19620924,56.63
19620925,56.96
19620926,56.15
19620927,55.77
19620928,56.27
19621001,55.49
19621002,56.10
19621003,56.16
19621004,56.70
19621005,57.07
19621008,57.07
19621009,57.20
19621010,57.24
19621011,57.05
19621012,56.95
19621015,57.27
19621016,57.08
19621017,56.89
19621018,56.34
19621019,55.59
19621022,54.96
19621023,53.49
19621024,55.21
19621025,54.69
19621026,54.54
19621029,55.72
19621030,56.54
19621031,56.52
19621101,57.12
19621102,57.75
19621105,58.35
19621107,58.71
19621108,58.32
19621109,58.78
19621112,59.59
19621113,59.46
19621114,60.16
19621115,59.97
19621116,60.16
19621119,59.82
19621120,60.45
19621121,60.81
19621123,61.54
19621126,61.36
19621127,61.73
19621128,62.12
19621129,62.41
19621130,62.26
19621203,61.94
19621204,62.64
19621205,62.89
19621206,62.93
19621207,63.06
19621210,62.27
19621211,62.32
19621212,62.63
19621213,62.42
19621214,62.57
19621217,62.37
19621218,62.07
19621219,62.58
19621220,62.82
19621221,62.64
19621224,62.63
19621226,63.02
19621227,62.93
19621228,62.96
19621231,63.10
19630102,62.69
19630103,63.72
19630104,64.13
19630107,64.12
19630108,64.74
19630109,64.59
19630110,64.71
19630111,64.85
19630114,65.20
19630115,65.11
19630116,64.67
19630117,65.13
19630118,65.18
19630121,65.28
19630122,65.44
19630123,65.62
19630124,65.75
19630125,65.92
19630128,66.24
19630129,66.23
19630130,65.85
19630131,66.20
19630201,66.31
19630204,66.17
19630205,66.11
19630206,66.40
19630207,66.17
19630208,66.17
19630211,65.76
19630212,65.83
19630213,66.15
19630214,66.35
19630215,66.41
19630218,66.52
19630219,66.20
19630220,65.83
19630221,65.92
19630225,65.46
19630226,65.47
19630227,65.01
19630228,64.29
19630301,64.10
19630304,64.72
19630305,64.74
19630306,64.85
19630307,65.26
19630308,65.33
19630311,65.51
19630312,65.67
19630313,65.91
19630314,65.60
19630315,65.93
19630318,65.61
19630319,65.47
19630320,65.95
19630321,65.85
19630322,66.19
19630325,66.21
19630326,66.40
19630327,66.68
19630328,66.58
19630329,66.57
19630401,66.85
19630402,66.84
19630403,67.36
19630404,67.85
19630405,68.28
19630408,68.52
19630409,68.45
19630410,68.29
19630411,68.77
19630415,69.09
19630416,69.14
19630417,68.92
19630418,68.89
19630419,69.23
19630422,69.30
19630423,69.53
19630424,69.72
19630425,69.76
19630426,69.70
19630429,69.65
19630430,69.80
19630501,69.97
19630502,70.17
19630503,70.03
19630506,69.53
19630507,69.44
19630508,70.01
19630509,70.35
19630510,70.52
19630513,70.48
19630514,70.21
19630515,70.43
19630516,70.25
19630517,70.29
19630520,69.96
19630521,70.14
19630522,70.14
19630523,70.10
19630524,70.02
19630527,69.87
19630528,70.01
19630529,70.33
19630531,70.80
19630603,70.69
19630604,70.70
19630605,70.53
19630606,70.58
19630607,70.41
19630610,69.94
19630611,70.03
19630612,70.41
19630613,70.23
19630614,70.25
19630617,69.94
19630618,70.02
19630619,70.09
19630620,70.01
19630621,70.25
19630624,70.20
19630625,70.04
19630626,69.41
19630627,69.07
19630628,69.37
19630701,68.86
19630702,69.46
19630703,69.94
19630705,70.22
19630708,69.74
19630709,70.04
19630710,69.89
19630711,69.76
19630712,69.64
19630715,69.20
19630716,69.14
19630717,68.93
19630718,68.49
19630719,68.35
19630722,67.90
19630723,67.91
19630724,68.28
19630725,68.26
19630726,68.54
19630729,68.67
19630730,69.24
19630731,69.13
19630801,69.07
19630802,69.30
19630805,69.71
19630806,70.17
19630807,69.96
19630808,70.02
19630809,70.48
19630812,70.59
19630813,70.79
19630814,71.07
19630815,71.38
19630816,71.49
19630819,71.44
19630820,71.38
19630821,71.29
19630822,71.54
19630823,71.76
19630826,71.91
19630827,71.52
19630828,72.04
19630829,72.16
19630830,72.50
19630903,72.66
19630904,72.64
19630905,73.00
19630906,72.84
19630909,72.58
19630910,72.99
19630911,73.20
19630912,73.15
19630913,73.17
19630916,73.07
19630917,73.12
19630918,72.80
19630919,73.22
19630920,73.30
19630923,72.96
19630924,73.30
19630925,72.89
19630926,72.27
19630927,72.13
19630930,71.70
19631001,72.22
19631002,72.30
19631003,72.83
19631004,72.85
19631007,72.70
19631008,72.60
19631009,72.18
19631010,72.20
19631011,72.27
19631014,72.30
19631015,72.40
19631016,72.97
19631017,73.26
19631018,73.32
19631021,73.38
19631022,72.96
19631023,73.00
19631024,73.28
19631025,74.01
19631028,74.48
19631029,74.46
19631030,73.80
19631031,74.01
19631101,73.83
19631104,73.45
19631106,72.81
19631107,73.06
19631108,73.36
19631111,73.52
19631112,73.23
19631113,73.29
19631114,72.95
19631115,72.35
19631118,71.83
19631119,71.90
19631120,72.56
19631121,71.62
19631122,69.61
19631126,72.38
19631127,72.25
19631129,73.23
19631202,73.66
19631203,73.62
19631204,73.80
19631205,74.28
19631206,74.00
19631209,73.96
19631210,73.99
19631211,73.90
19631212,73.91
19631213,74.06
19631216,74.30
19631217,74.74
19631218,74.63
19631219,74.40
19631220,74.28
19631223,73.81
19631224,73.97
19631226,74.32
19631227,74.44
19631230,74.56
19631231,75.02
19640102,75.43
19640103,75.50
19640106,75.67
19640107,75.69
19640108,76.00
19640109,76.28
19640110,76.24
19640113,76.22
19640114,76.36
19640115,76.64
19640116,76.55
19640117,76.56
19640120,76.41
19640121,76.62
19640122,77.03
19640123,77.09
19640124,77.11
19640127,77.08
19640128,77.10
19640129,76.63
19640130,76.70
19640131,77.04
19640203,76.97
19640204,76.88
19640205,76.75
19640206,76.93
19640207,77.18
19640210,77.05
19640211,77.33
19640212,77.57
19640213,77.52
19640214,77.48
19640217,77.46
19640218,77.47
19640219,77.55
19640220,77.62
19640224,77.68
19640225,77.68
19640226,77.87
19640227,77.62
19640228,77.80
19640302,77.97
19640303,78.22
19640304,78.07
19640305,78.06
19640306,78.31
19640309,78.33
19640310,78.59
19640311,78.95
19640312,79.08
19640313,79.14
19640316,79.14
19640317,79.32
19640318,79.38
19640319,79.30
19640320,78.92
19640323,78.93
19640324,78.79
19640325,78.97
19640326,79.19
19640330,79.14
19640331,78.98
19640401,79.24
19640402,79.70
19640403,79.94
19640406,80.02
19640407,79.74
19640408,79.75
19640409,79.70
19640410,79.85
19640413,79.77
19640414,79.99
19640415,80.09
19640416,80.20
19640417,80.55
19640420,80.50
19640421,80.54
19640422,80.49
19640423,80.38
19640424,79.75
19640427,79.35
19640428,79.90
19640429,79.70
19640430,79.46
19640501,80.17
19640504,80.47
19640505,80.88
19640506,81.06
19640507,81.15
19640508,81.00
19640511,80.90
19640512,81.16
19640513,80.97
19640514,80.86
19640515,81.01
19640518,80.72
19640519,80.30
19640520,80.66
19640521,80.70
19640522,80.73
19640525,80.56
19640526,80.39
19640527,80.26
19640528,80.37
19640601,80.11
19640602,79.70
19640603,79.49
19640604,78.67
19640605,79.02
19640608,78.64
19640609,79.14
19640610,79.44
19640611,79.73
19640612,79.60
19640615,79.97
19640616,80.40
19640617,80.81
19640618,80.79
19640619,80.89
19640622,81.11
19640623,80.77
19640624,81.06
19640625,81.21
19640626,81.46
19640629,81.64
19640630,81.69
19640701,82.27
19640702,82.60
19640706,82.98
19640707,83.12
19640708,83.12
19640709,83.22
19640710,83.36
19640713,83.31
19640714,83.06
19640715,83.34
19640716,83.64
19640717,84.01
19640720,83.74
19640721,83.54
19640722,83.52
19640723,83.48
19640724,83.46
19640727,83.08
19640728,82.85
19640729,82.92
19640730,83.09
19640731,83.18
19640803,83.00
19640804,81.96
19640805,82.09
19640806,81.34
19640807,81.86
19640810,81.78
19640811,81.76
19640812,82.17
19640813,82.41
19640814,82.35
19640817,82.36
19640818,82.40
19640819,82.32
19640820,81.94
19640821,82.07
19640824,81.91
19640825,81.44
19640826,81.32
19640827,81.70
19640828,81.99
19640831,81.83
19640901,82.18
19640902,82.31
19640903,82.56
19640904,82.76
19640908,82.87
19640909,83.05
19640910,83.10
19640911,83.45
19640914,83.22
19640915,83.00
19640916,83.24
19640917,83.79
19640918,83.48
19640921,83.86
19640922,83.89
19640923,83.91
19640924,84.00
19640925,84.21
19640928,84.28
19640929,84.24
19640930,84.18
19641001,84.08
19641002,84.36
19641005,84.74
19641006,84.79
19641007,84.80
19641008,85.04
19641009,85.22
19641012,85.24
19641013,84.96
19641014,84.79
19641015,84.25
19641016,84.83
19641019,84.93
19641020,85.18
19641021,85.10
19641022,84.94
19641023,85.14
19641026,85.00
19641027,85.00
19641028,84.69
19641029,84.73
19641030,84.86
19641102,85.18
19641104,85.14
19641105,85.16
19641106,85.23
19641109,85.19
19641110,84.84
19641111,85.08
19641112,85.19
19641113,85.21
19641116,85.65
19641117,86.03
19641118,86.22
19641119,86.18
19641120,86.28
19641123,86.00
19641124,85.73
19641125,85.44
19641127,85.16
19641130,84.42
19641201,83.55
19641202,83.79
19641203,84.18
19641204,84.35
19641207,84.33
19641208,84.00
19641209,83.46
19641210,83.45
19641211,83.66
19641214,83.45
19641215,83.22
19641216,83.55
19641217,83.90
19641218,84.29
19641221,84.38
19641222,84.33
19641223,84.15
19641224,84.15
19641228,84.07
19641229,83.81
19641230,84.30
19641231,84.75
19650104,84.23
19650105,84.63
19650106,84.89
19650107,85.26
19650108,85.37
19650111,85.40
19650112,85.61
19650113,85.84
19650114,85.84
19650115,86.21
19650118,86.49
19650119,86.63
19650120,86.60
19650121,86.52
19650122,86.74
19650125,86.86
19650126,86.94
19650127,87.23
19650128,87.48
19650129,87.56
19650201,87.58
19650202,87.55
19650203,87.63
19650204,87.57
19650205,87.29
19650208,86.95
19650209,87.24
19650210,86.46
19650211,85.54
19650212,86.17
19650215,86.07
19650216,85.67
19650217,85.77
19650218,86.05
19650219,86.21
19650223,86.64
19650224,87.17
19650225,87.20
19650226,87.43
19650301,87.25
19650302,87.40
19650303,87.26
19650304,86.98
19650305,86.80
19650308,86.83
19650309,86.69
19650310,86.54
19650311,86.90
19650312,87.21
19650315,87.24
19650316,87.13
19650317,87.02
19650318,86.81
19650319,86.84
19650322,86.83
19650323,86.93
19650324,87.09
19650325,86.84
19650326,86.20
19650329,86.03
19650330,86.20
19650331,86.16
19650401,86.32
19650402,86.53
19650405,86.53
19650406,86.50
19650407,86.55
19650408,87.04
19650409,87.56
19650412,87.94
19650413,88.04
19650414,88.24
19650415,88.15
19650419,88.51
19650420,88.46
19650421,88.30
19650422,88.78
19650423,88.88
19650426,88.89
19650427,89.04
19650428,89.00
19650429,88.93
19650430,89.11
19650503,89.23
19650504,89.51
19650505,89.71
19650506,89.92
19650507,89.85
19650510,89.66
19650511,89.55
19650512,89.94
19650513,90.27
19650514,90.10
19650517,89.54
19650518,89.46
19650519,89.67
19650520,89.18
19650521,88.75
19650524,88.09
19650525,88.60
19650526,88.30
19650527,87.84
19650528,88.42
19650601,87.72
19650602,87.09
19650603,86.90
19650604,87.11
19650607,86.88
19650608,85.93
19650609,85.04
19650610,84.73
19650611,85.12
19650614,84.01
19650615,84.49
19650616,85.20
19650617,85.74
19650618,85.34
19650621,85.05
19650622,85.21
19650623,84.67
19650624,83.56
19650625,83.06
19650628,81.60
19650629,82.41
19650630,84.12
19650701,84.48
19650702,85.16
19650706,84.99
19650707,84.67
19650708,85.39
19650709,85.71
19650712,85.69
19650713,85.59
19650714,85.87
19650715,85.72
19650716,85.69
19650719,85.63
19650720,84.55
19650721,84.07
19650722,83.85
19650723,84.07
19650726,84.05
19650727,83.87
19650728,84.03
19650729,84.68
19650730,85.25
19650802,85.42
19650803,85.46
19650804,85.79
19650805,85.79
19650806,86.07
19650809,85.86
19650810,85.87
19650811,86.13
19650812,86.38
19650813,86.77
19650816,86.87
19650817,87.04
19650818,86.99
19650819,86.79
19650820,86.69
19650823,86.56
19650824,86.71
19650825,86.81
19650826,87.14
19650827,87.20
19650830,87.21
19650831,87.17
19650901,87.17
19650902,87.65
19650903,88.06
19650907,88.36
19650908,88.66
19650909,88.89
19650910,89.12
19650913,89.38
19650914,89.03
19650915,89.52
19650916,90.02
19650917,90.05
19650920,90.08
19650921,89.81
19650922,90.22
19650923,89.86
19650924,90.02
19650927,90.65
19650928,90.43
19650929,90.02
19650930,89.96
19651001,89.90
19651004,90.08
19651005,90.63
19651006,90.54
19651007,90.47
19651008,90.85
19651011,91.37
19651012,91.35
19651013,91.34
19651014,91.19
19651015,91.38
19651018,91.68
19651019,91.80
19651020,91.78
19651021,91.94
19651022,91.98
19651025,91.67
19651026,92.20
19651027,92.51
19651028,92.21
19651029,92.42
19651101,92.23
19651103,92.31
19651104,92.46
19651105,92.37
19651108,92.23
19651109,91.93
19651110,91.83
19651111,92.11
19651112,92.55
19651115,92.63
19651116,92.41
19651117,92.60
19651118,92.22
19651119,92.24
19651122,91.64
19651123,91.78
19651124,91.94
19651126,92.03
19651129,91.80
19651130,91.61
19651201,91.50
19651202,91.21
19651203,91.27
19651206,90.59
19651207,91.39
19651208,91.28
19651209,91.56
19651210,91.80
19651213,91.83
19651214,91.88
19651215,92.02
19651216,92.12
19651217,92.08
19651220,91.65
19651221,92.01
19651222,92.29
19651223,92.19
19651227,91.52
19651228,91.53
19651229,91.81
19651230,92.20
19651231,92.43
19660103,92.18
19660104,92.26
19660105,92.85
19660106,93.06
19660107,93.14
19660110,93.33
19660111,93.41
19660112,93.19
19660113,93.36
19660114,93.50
19660117,93.77
19660118,93.95
19660119,93.69
19660120,93.36
19660121,93.47
19660124,93.71
19660125,93.85
19660126,93.70
19660127,93.67
19660128,93.31
19660131,92.88
19660201,92.16
19660202,92.53
19660203,92.65
19660204,93.26
19660207,93.59
19660208,93.55
19660209,94.06
19660210,93.83
19660211,93.81
19660214,93.65
19660215,93.17
19660216,93.16
19660217,92.66
19660218,92.41
19660221,91.87
19660223,91.48
19660224,90.89
19660225,91.14
19660228,91.22
19660301,90.06
19660302,89.15
19660303,89.47
19660304,89.24
19660307,88.04
19660308,88.18
19660309,88.96
19660310,88.96
19660311,88.85
19660314,87.85
19660315,87.35
19660316,87.86
19660317,88.17
19660318,88.53
19660321,89.20
19660322,89.46
19660323,89.13
19660324,89.29
19660325,89.54
19660328,89.62
19660329,89.27
19660330,88.78
19660331,89.23
19660401,89.94
19660404,90.76
19660405,91.31
19660406,91.56
19660407,91.76
19660411,91.79
19660412,91.45
19660413,91.54
19660414,91.87
19660415,91.99
19660418,91.58
19660419,91.57
19660420,92.08
19660421,92.42
19660422,92.27
19660425,92.08
19660426,91.99
19660427,91.76
19660428,91.13
19660429,91.06
19660502,90.90
19660503,89.85
19660504,89.39
19660505,87.93
19660506,87.84
19660509,86.32
19660510,87.08
19660511,87.23
19660512,86.23
19660513,85.47
19660516,84.41
19660517,83.63
19660518,85.12
19660519,85.02
19660520,85.43
19660523,86.20
19660524,86.77
19660525,87.07
19660526,87.07
19660527,87.33
19660531,86.13
19660601,86.10
19660602,85.96
19660603,86.06
19660606,85.42
19660607,84.83
19660608,84.93
19660609,85.50
19660610,86.44
19660613,86.83
19660614,87.07
19660615,86.73
19660616,86.47
19660617,86.51
19660620,86.48
19660621,86.71
19660622,86.85
19660623,86.50
19660624,86.58
19660627,86.08
19660628,85.67
19660629,84.86
19660630,84.74
19660701,85.61
19660705,85.82
19660706,87.06
19660707,87.38
19660708,87.61
19660711,87.45
19660712,86.88
19660713,86.30
19660714,86.82
19660715,87.08
19660718,86.99
19660719,86.33
19660720,85.51
19660721,85.52
19660722,85.41
19660725,83.83
19660726,83.70
19660727,84.10
19660728,83.77
19660729,83.60
19660801,82.31
19660802,82.33
19660803,83.15
19660804,83.93
19660805,84.00
19660808,83.75
19660809,83.49
19660810,83.11
19660811,83.02
19660812,83.17
19660815,82.74
19660816,81.63
19660817,81.18
19660818,80.16
19660819,79.62
19660822,78.24
19660823,78.11
19660824,79.07
19660825,78.06
19660826,76.41
19660829,74.53
19660830,75.86
19660831,77.10
19660901,77.70
19660902,77.42
19660906,76.96
19660907,76.34
19660908,76.05
19660909,76.29
19660912,77.91
19660913,78.32
19660914,79.13
19660915,80.08
19660916,79.99
19660919,79.59
19660920,79.04
19660921,77.71
19660922,77.94
19660923,77.67
19660926,77.86
19660927,78.10
19660928,77.11
19660929,76.31
19660930,76.56
19661003,74.90
19661004,75.10
19661005,74.69
19661006,74.05
19661007,73.20
19661010,74.53
19661011,74.91
19661012,77.04
19661013,76.89
19661014,76.60
19661017,77.47
19661018,78.68
19661019,78.05
19661020,77.84
19661021,78.19
19661024,78.42
19661025,78.90
19661026,79.58
19661027,80.23
19661028,80.24
19661031,80.20
19661101,80.81
19661102,80.88
19661103,80.56
19661104,80.81
19661107,80.73
19661109,81.38
19661110,81.89
19661111,81.94
19661114,81.37
19661115,81.69
19661116,82.37
19661117,81.80
19661118,81.26
19661121,80.09
19661122,79.67
19661123,80.21
19661125,80.85
19661128,80.71
19661129,80.42
19661130,80.45
19661201,80.08
19661202,80.13
19661205,80.24
19661206,80.84
19661207,81.72
19661208,82.05
19661209,82.14
19661212,83.00
19661213,82.73
19661214,82.64
19661215,81.64
19661216,81.58
19661219,81.27
19661220,80.96
19661221,81.38
19661222,81.69
19661223,81.47
19661227,81.00
19661228,80.61
19661229,80.37
19661230,80.33
19670103,80.38
19670104,80.55
19670105,81.60
19670106,82.18
19670109,82.81
19670110,82.81
19670111,83.47
19670112,83.91
19670113,84.53
19670116,84.31
19670117,85.24
19670118,85.79
19670119,85.82
19670120,86.07
19670123,86.39
19670124,86.51
19670125,85.85
19670126,85.81
19670127,86.16
19670130,86.66
19670131,86.61
19670201,86.43
19670202,86.73
19670203,87.36
19670206,87.18
19670207,86.95
19670208,87.72
19670209,87.36
19670210,87.49
19670213,87.58
19670214,88.17
19670215,88.27
19670216,87.86
19670217,87.89
19670220,87.40
19670221,87.34
19670223,87.45
19670224,87.41
19670227,86.46
19670228,86.78
19670301,87.68
19670302,88.16
19670303,88.29
19670306,88.10
19670307,88.16
19670308,88.27
19670309,88.53
19670310,88.89
19670313,88.43
19670314,88.35
19670315,89.19
19670316,90.09
19670317,90.25
19670320,90.20
19670321,90.00
19670322,90.25
19670323,90.94
19670327,90.87
19670328,90.91
19670329,90.73
19670330,90.70
19670331,90.20
19670403,89.24
19670404,89.22
19670405,89.79
19670406,89.94
19670407,89.36
19670410,88.24
19670411,88.88
19670412,88.78
19670413,89.46
19670414,90.43
19670417,91.07
19670418,91.86
19670419,91.94
19670420,92.11
19670421,92.30
19670424,92.62
19670425,93.11
19670426,93.02
19670427,93.81
19670428,94.01
19670501,93.84
19670502,93.67
19670503,93.91
19670504,94.32
19670505,94.44
19670508,94.58
19670509,93.60
19670510,93.35
19670511,93.75
19670512,93.48
19670515,92.71
19670516,93.14
19670517,92.78
19670518,92.53
19670519,92.07
19670522,91.67
19670523,91.23
19670524,90.18
19670525,91.19
19670526,90.98
19670529,90.49
19670531,89.08
19670601,90.23
19670602,89.79
19670605,88.43
19670606,90.23
19670607,90.91
19670608,91.40
19670609,91.56
19670612,92.04
19670613,92.62
19670614,92.40
19670615,92.49
19670616,92.54
19670619,92.51
19670620,92.44
19670621,92.20
19670622,91.97
19670623,92.00
19670626,91.64
19670627,91.30
19670628,91.31
19670629,90.85
19670630,90.64
19670703,90.91
19670705,91.36
19670706,91.32
19670707,91.69
19670710,92.05
19670711,92.48
19670712,92.40
19670713,92.42
19670714,92.74
19670717,92.75
19670718,93.50
19670719,93.65
19670720,93.85
19670721,94.04
19670724,93.73
19670725,93.74
19670726,94.06
19670727,94.35
19670728,94.49
19670731,94.75
19670801,95.37
19670802,95.78
19670803,95.66
19670804,95.83
19670807,95.58
19670808,95.69
19670809,95.78
19670810,95.53
19670811,95.15
19670814,94.64
19670815,94.77
19670816,94.55
19670817,94.63
19670818,94.78
19670821,94.25
19670822,93.74
19670823,93.61
19670824,93.09
19670825,92.70
19670828,92.64
19670829,92.88
19670830,93.07
19670831,93.64
19670901,93.68
19670905,94.21
19670906,94.39
19670907,94.33
19670908,94.36
19670911,94.54
19670912,94.99
19670913,95.99
19670914,96.20
19670915,96.27
19670918,96.53
19670919,96.17
19670920,96.13
19670921,96.75
19670922,97.00
19670925,97.59
19670926,96.76
19670927,96.79
19670928,96.79
19670929,96.71
19671002,96.32
19671003,96.65
19671004,96.43
19671005,96.67
19671006,97.26
19671009,97.51
19671010,96.84
19671011,96.37
19671012,95.75
19671013,96.00
19671016,95.25
19671017,95.00
19671018,95.25
19671019,95.43
19671020,95.38
19671023,94.96
19671024,94.42
19671025,94.52
19671026,94.94
19671027,94.96
19671030,94.79
19671031,93.90
19671101,92.71
19671102,92.34
19671103,91.78
19671106,91.48
19671108,91.14
19671109,91.59
19671110,92.21
19671113,91.97
19671114,91.39
19671115,91.76
19671116,92.60
19671117,92.82
19671120,91.65
19671121,93.10
19671122,93.65
19671124,93.90
19671127,94.17
19671128,94.47
19671129,94.47
19671130,94.00
19671201,94.50
19671204,95.10
19671205,95.23
19671206,95.64
19671207,95.53
19671208,95.42
19671211,95.12
19671212,95.01
19671213,95.34
19671214,95.47
19671215,95.03
19671218,94.77
19671219,94.63
19671220,95.15
19671221,95.38
19671222,95.20
19671226,95.26
19671227,95.91
19671228,95.89
19671229,96.47
19680102,96.11
19680103,95.67
19680104,95.36
19680105,95.94
19680108,96.62
19680109,96.50
19680110,96.52
19680111,96.62
19680112,96.72
19680115,96.42
19680116,95.82
19680117,95.64
19680118,95.56
19680119,95.24
19680122,94.03
19680123,93.66
19680124,93.17
19680125,93.30
19680126,93.45
19680129,93.35
19680130,92.89
19680131,92.24
19680201,92.56
19680202,92.27
19680205,91.87
19680206,91.90
19680207,92.06
19680208,90.90
19680209,89.86
19680213,89.07
19680214,90.14
19680215,90.30
19680216,89.96
19680219,90.31
19680220,90.83
19680221,91.24
19680223,90.89
19680226,90.18
19680227,90.53
19680228,90.08
19680229,89.36
19680301,89.11
19680304,87.92
19680305,87.72
19680306,89.26
19680307,89.10
19680308,89.03
19680311,90.13
19680312,90.23
19680313,90.03
19680314,88.32
19680315,89.10
19680318,89.59
19680319,88.99
19680320,88.98
19680321,88.33
19680322,88.42
19680325,88.33
19680326,88.93
19680327,89.66
19680328,89.57
19680329,90.20
19680401,92.48
19680402,92.64
19680403,93.47
19680404,93.84
19680405,93.29
19680408,94.95
19680410,95.67
19680411,96.53
19680415,96.59
19680416,96.62
19680417,96.81
19680418,97.08
19680419,95.85
19680422,95.32
19680423,96.48
19680424,96.62
19680425,96.92
19680426,97.21
19680429,97.46
19680430,97.59
19680501,97.97
19680502,98.59
19680503,98.66
19680506,98.35
19680507,98.90
19680508,98.91
19680509,98.39
19680510,98.50
19680513,98.19
19680514,98.12
19680515,98.07
19680516,97.60
19680517,96.90
19680520,96.45
19680521,96.93
19680522,97.18
19680523,96.97
19680524,97.15
19680527,96.99
19680528,97.62
19680529,97.92
19680531,98.68
19680603,99.99
19680604,100.38
19680605,99.89
19680606,100.65
19680607,101.27
19680610,101.41
19680611,101.66
19680613,101.25
19680614,101.13
19680617,100.13
19680618,99.99
19680620,100.51
19680621,100.66
19680624,100.39
19680625,100.08
19680627,99.98
19680628,99.58
19680701,99.40
19680702,99.74
19680703,100.91
19680708,101.94
19680709,102.23
19680711,102.39
19680712,102.34
19680715,102.26
19680716,101.70
19680718,101.44
19680719,100.46
19680722,99.33
19680723,99.21
19680725,97.94
19680726,98.34
19680729,97.65
19680730,97.74
19680801,97.28
19680802,96.63
19680805,96.85
19680806,97.25
19680808,97.04
19680809,97.01
19680812,98.01
19680813,98.53
19680815,98.07
19680816,98.68
19680819,99.00
19680820,98.96
19680822,98.70
19680823,98.69
19680826,98.94
19680827,98.81
19680829,98.74
19680830,98.86
19680903,99.32
19680904,100.02
19680905,100.74
19680906,101.20
19680909,101.23
19680910,100.73
19680912,100.52
19680913,100.86
19680916,101.24
19680917,101.50
19680919,101.59
19680920,101.66
19680923,102.24
19680924,102.59
19680926,102.36
19680927,102.31
19680930,102.67
19681001,102.86
19681003,103.34
19681004,103.71
19681007,103.70
19681008,103.74
19681010,103.29
19681011,103.18
19681014,103.32
19681015,103.53
19681017,104.01
19681018,104.82
19681021,104.99
19681022,104.57
19681024,103.84
19681025,104.20
19681028,103.90
19681029,103.30
19681031,103.41
19681101,103.06
19681104,103.10
19681106,103.27
19681107,103.50
19681108,103.95
19681112,104.62
19681113,105.13
19681114,105.20
19681115,105.78
19681118,105.92
19681119,106.14
19681121,105.97
19681122,106.30
19681125,106.48
19681126,107.26
19681127,107.76
19681129,108.37
19681202,108.12
19681203,108.02
19681205,107.67
19681206,107.93
19681209,107.66
19681210,107.39
19681212,107.32
19681213,107.58
19681216,107.10
19681217,106.66
19681219,106.97
19681220,106.34
19681223,105.21
19681224,105.04
19681226,105.15
19681227,104.74
19681230,103.80
19681231,103.86
19690102,103.93
19690103,103.99
19690106,102.47
19690107,101.22
19690108,100.80
19690109,101.22
19690110,100.93
19690113,100.40
19690114,101.13
19690115,101.62
19690116,102.18
19690117,102.03
19690120,101.69
19690121,101.63
19690122,101.98
19690123,102.43
19690124,102.38
19690127,102.40
19690128,102.41
19690129,102.51
19690130,102.55
19690131,103.01
19690203,102.89
19690204,102.92
19690205,103.20
19690206,103.54
19690207,103.53
19690211,103.65
19690212,103.63
19690213,103.71
19690214,103.61
19690217,102.44
19690218,101.40
19690219,100.65
19690220,99.79
19690224,98.60
19690225,97.98
19690226,98.45
19690227,98.14
19690228,98.13
19690303,98.38
19690304,99.32
19690305,99.71
19690306,98.70
19690307,98.65
19690310,98.99
19690311,99.32
19690312,99.05
19690313,98.39
19690314,98.00
19690317,98.25
19690318,98.49
19690319,99.21
19690320,99.84
19690321,99.63
19690324,99.50
19690325,99.66
19690326,100.39
19690327,101.10
19690328,101.51
19690401,101.42
19690402,100.78
19690403,100.68
19690407,99.89
19690408,100.14
19690409,101.02
19690410,101.55
19690411,101.65
19690414,101.57
19690415,101.53
19690416,100.63
19690417,100.78
19690418,101.24
19690421,100.56
19690422,100.78
19690423,100.80
19690424,101.27
19690425,101.72
19690428,102.03
19690429,102.79
19690430,103.69
19690501,103.51
19690502,104.00
19690505,104.37
19690506,104.86
19690507,104.67
19690508,105.10
19690509,105.05
19690512,104.89
19690513,105.34
19690514,106.16
19690515,105.85
19690516,105.94
19690519,104.97
19690520,104.04
19690521,104.47
19690522,104.60
19690523,104.59
19690526,104.36
19690527,103.57
19690528,103.26
19690529,103.46
19690602,102.94
19690603,102.63
19690604,102.59
19690605,102.76
19690606,102.12
19690609,101.20
19690610,100.42
19690611,99.55
19690612,98.26
19690613,98.65
19690616,98.32
19690617,97.95
19690618,97.81
19690619,97.24
19690620,96.67
19690623,96.23
19690624,97.32
19690625,97.01
19690626,97.25
19690627,97.33
19690630,97.71
19690701,98.08
19690702,98.94
19690703,99.61
19690707,99.03
19690708,97.63
19690709,96.88
19690710,95.38
19690711,95.77
19690714,94.55
19690715,94.24
19690716,95.18
19690717,95.76
19690718,94.95
19690722,93.52
19690723,93.12
19690724,92.80
19690725,91.96
19690728,90.21
19690729,89.48
19690730,89.93
19690731,91.83
19690801,93.47
19690804,92.99
19690805,93.41
19690806,93.92
19690807,93.99
19690808,93.94
19690811,93.36
19690812,92.63
19690813,92.70
19690814,93.34
19690815,94.00
19690818,94.57
19690819,95.07
19690820,95.07
19690821,95.35
19690822,95.92
19690825,94.93
19690826,94.30
19690827,94.49
19690828,94.89
19690829,95.51
19690902,95.54
19690903,94.98
19690904,94.20
19690905,93.64
19690908,92.70
19690909,93.38
19690910,94.95
19690911,94.22
19690912,94.35
19690915,94.87
19690916,94.95
19690917,94.63
19690918,94.90
19690919,95.19
19690922,95.63
19690923,95.63
19690924,95.50
19690925,94.77
19690926,94.16
19690929,93.41
19690930,93.12
19691001,92.52
19691002,93.24
19691003,93.19
19691006,93.36
19691007,93.09
19691008,92.67
19691009,93.03
19691010,93.56
19691013,94.55
19691014,95.70
19691015,95.72
19691016,96.37
19691017,96.26
19691020,96.46
19691021,97.20
19691022,97.83
19691023,97.46
19691024,98.12
19691027,97.94
19691028,97.66
19691029,96.81
19691030,96.93
19691031,97.24
19691103,97.15
19691104,97.21
19691105,97.64
19691106,97.67
19691107,98.26
19691110,98.33
19691111,98.07
19691112,97.89
19691113,97.42
19691114,97.07
19691117,96.41
19691118,96.39
19691119,95.90
19691120,94.91
19691121,94.32
19691124,93.24
19691125,92.94
19691126,93.27
19691128,93.81
19691201,93.22
19691202,92.65
19691203,91.65
19691204,91.95
19691205,91.73
19691208,90.63
19691209,90.55
19691210,90.48
19691211,90.52
19691212,90.81
19691215,90.54
19691216,89.72
19691217,89.20
19691218,90.61
19691219,91.38
19691222,90.58
19691223,90.23
19691224,91.18
19691226,91.89
19691229,91.25
19691230,91.60
19691231,92.06
19700102,93.00
19700105,93.46
19700106,92.82
19700107,92.63
19700108,92.68
19700109,92.40
19700112,91.70
19700113,91.79
19700114,91.65
19700115,91.68
19700116,90.92
19700119,89.65
19700120,89.83
19700121,89.91
19700122,89.95
19700123,89.07
19700126,88.17
19700127,87.62
19700128,86.79
19700129,85.69
19700130,85.02
19700202,85.75
19700203,86.77
19700204,86.24
19700205,85.90
19700206,86.33
19700209,87.01
19700210,86.10
19700211,86.94
19700212,86.73
19700213,86.54
19700216,86.47
19700217,86.37
19700218,87.44
19700219,87.76
19700220,88.03
19700224,87.99
19700225,89.35
19700226,88.90
19700227,89.50
19700302,89.71
19700303,90.23
19700304,90.04
19700305,90.00
19700306,89.44
19700309,88.51
19700310,88.75
19700311,88.69
19700312,88.33
19700313,87.86
19700316,86.91
19700317,87.29
19700318,87.54
19700319,87.42
19700320,87.06
19700323,86.99
19700324,87.98
19700325,89.77
19700326,89.92
19700330,89.63
19700331,89.63
19700401,90.07
19700402,89.79
19700403,89.39
19700406,88.76
19700407,88.52
19700408,88.49
19700409,88.53
19700410,88.24
19700413,87.64
19700414,86.89
19700415,86.73
19700416,85.88
19700417,85.67
19700420,85.83
19700421,85.38
19700422,84.27
19700423,83.04
19700424,82.77
19700427,81.46
19700428,80.27
19700429,81.81
19700430,81.52
19700501,81.44
19700504,79.37
19700505,78.60
19700506,79.47
19700507,79.83
19700508,79.44
19700511,78.60
19700512,77.85
19700513,76.53
19700514,75.44
19700515,76.90
19700518,76.96
19700519,75.46
19700520,73.52
19700521,72.16
19700522,72.25
19700525,70.25
19700526,69.29
19700527,72.77
19700528,74.61
19700529,76.55
19700601,77.84
19700602,77.84
19700603,78.52
19700604,77.36
19700605,76.17
19700608,76.29
19700609,76.25
19700610,75.48
19700611,74.45
19700612,74.21
19700615,74.38
19700616,76.15
19700617,76.00
19700618,76.51
19700619,77.05
19700622,76.64
19700623,74.76
19700624,73.97
19700625,74.02
19700626,73.47
19700629,72.89
19700630,72.72
19700701,73.04
19700702,72.92
19700706,71.78
19700707,71.23
19700708,73.00
19700709,74.06
19700710,74.57
19700713,74.48
19700714,74.42
19700715,75.23
19700716,76.34
19700717,77.69
19700720,77.72
19700721,76.98
19700722,77.03
19700723,78.00
19700724,77.82
19700727,77.65
19700728,77.77
19700729,78.04
19700730,78.07
19700731,78.05
19700803,77.02
19700804,77.19
19700805,77.18
19700806,77.08
19700807,77.28
19700810,76.20
19700811,75.82
19700812,75.42
19700813,74.76
19700814,75.18
19700817,75.33
19700818,76.20
19700819,76.96
19700820,77.64
19700821,79.24
19700824,80.99
19700825,81.12
19700826,81.21
19700827,81.08
19700828,81.86
19700831,81.52
19700901,80.95
19700902,80.96
19700903,82.09
19700904,82.83
19700908,83.04
19700909,82.79
19700910,82.30
19700911,82.52
19700914,82.07
19700915,81.36
19700916,81.79
19700917,82.29
19700918,82.62
19700921,81.91
19700922,81.66
19700923,82.83
19700924,83.91
19700925,83.97
19700928,83.86
19700929,84.30
19700930,84.21
19701001,84.32
19701002,85.16
19701005,86.47
19701006,86.85
19701007,86.89
19701008,85.95
19701009,85.08
19701012,84.17
19701013,84.06
19701014,84.19
19701015,84.65
19701016,84.28
19701019,83.15
19701020,83.64
19701021,83.66
19701022,83.38
19701023,83.77
19701026,83.31
19701027,83.12
19701028,83.43
19701029,83.36
19701030,83.25
19701102,83.51
19701103,84.22
19701104,84.39
19701105,84.10
19701106,84.22
19701109,84.67
19701110,84.79
19701111,85.03
19701112,84.15
19701113,83.37
19701116,83.24
19701117,83.34
19701118,82.79
19701119,82.91
19701120,83.72
19701123,84.24
19701124,84.78
19701125,85.09
19701127,85.93
19701130,87.20
19701201,87.47
19701202,88.48
19701203,88.90
19701204,89.46
19701207,89.94
19701208,89.47
19701209,89.54
19701210,89.92
19701211,90.26
19701214,89.80
19701215,89.66
19701216,89.72
19701217,90.04
19701218,90.22
19701221,89.94
19701222,90.04
19701223,90.10
19701224,90.61
19701228,91.09
19701229,92.08
19701230,92.27
19701231,92.15
19710104,91.15
19710105,91.80
19710106,92.35
19710107,92.38
19710108,92.19
19710111,91.98
19710112,92.72
19710113,92.56
19710114,92.80
19710115,93.03
19710118,93.41
19710119,93.76
19710120,93.78
19710121,94.19
19710122,94.88
19710125,95.28
19710126,95.59
19710127,94.89
19710128,95.21
19710129,95.88
19710201,96.42
19710202,96.43
19710203,96.63
19710204,96.62
19710205,96.93
19710208,97.45
19710209,97.51
19710210,97.39
19710211,97.91
19710212,98.43
19710216,98.66
19710217,98.20
19710218,97.56
19710219,96.74
19710222,95.72
19710223,96.09
19710224,96.73
19710225,96.92
19710226,96.75
19710301,97.00
19710302,96.98
19710303,96.95
19710304,97.92
19710305,98.96
19710308,99.38
19710309,99.46
19710310,99.30
19710311,99.39
19710312,99.57
19710315,100.71
19710316,101.21
19710317,101.12
19710318,101.19
19710319,101.01
19710322,100.62
19710323,100.28
19710324,99.62
19710325,99.61
19710326,99.95
19710329,100.03
19710330,100.26
19710331,100.31
19710401,100.39
19710402,100.56
19710405,100.79
19710406,101.51
19710407,101.98
19710408,102.10
19710412,102.88
19710413,102.98
19710414,103.37
19710415,103.52
19710416,103.49
19710419,104.01
19710420,103.61
19710421,103.36
19710422,103.56
19710423,104.05
19710426,103.94
19710427,104.39
19710428,104.77
19710429,104.63
19710430,103.95
19710503,103.29
19710504,103.79
19710505,103.78
19710506,103.23
19710507,102.87
19710510,102.36
19710511,102.62
19710512,102.90
19710513,102.69
19710514,102.21
19710517,100.69
19710518,100.83
19710519,101.07
19710520,101.31
19710521,100.99
19710524,100.13
19710525,99.47
19710526,99.59
19710527,99.40
19710528,99.63
19710601,100.20
19710602,100.96
19710603,101.01
19710604,101.30
19710607,101.14
19710608,100.32
19710609,100.29
19710610,100.64
19710611,101.07
19710614,100.22
19710615,100.32
19710616,100.52
19710617,100.50
19710618,98.97
19710621,97.87
19710622,97.59
19710623,98.41
19710624,98.17
19710625,97.99
19710628,97.74
19710629,98.82
19710630,99.70
19710701,99.78
19710702,99.78
19710706,99.76
19710707,100.04
19710708,100.34
19710709,100.69
19710712,100.82
19710713,99.50
19710714,99.22
19710715,99.28
19710716,99.11
19710719,98.93
19710720,99.32
19710721,99.28
19710722,99.11
19710723,98.94
19710726,98.67
19710727,97.78
19710728,97.07
19710729,96.02
19710730,95.58
19710802,95.96
19710803,94.51
19710804,93.89
19710805,94.09
19710806,94.25
19710809,93.53
19710810,93.54
19710811,94.66
19710812,96.00
19710813,95.69
19710816,98.76
19710817,99.99
19710818,98.60
19710819,98.16
19710820,98.33
19710823,99.34
19710824,100.40
19710825,100.41
19710826,100.24
19710827,100.48
19710830,99.52
19710831,99.03
19710901,99.07
19710902,99.29
19710903,100.69
19710907,101.15
19710908,101.34
19710909,100.80
19710910,100.42
19710913,100.07
19710914,99.34
19710915,99.77
19710916,99.66
19710917,99.96
19710920,99.68
19710921,99.34
19710922,98.47
19710923,98.38
19710924,98.15
19710927,97.62
19710928,97.88
19710929,97.90
19710930,98.34
19711001,98.93
19711004,99.21
19711005,99.11
19711006,99.82
19711007,100.02
19711008,99.36
19711011,99.16
19711012,99.57
19711013,99.03
19711014,98.13
19711015,97.79
19711018,97.35
19711019,97.00
19711020,95.65
19711021,95.60
19711022,95.51
19711025,95.10
19711026,94.74
19711027,93.79
19711028,93.96
19711029,94.23
19711101,92.80
19711102,93.18
19711103,94.91
19711104,94.79
19711105,94.46
19711108,94.39
19711109,94.46
19711110,93.41
19711111,92.12
19711112,92.12
19711115,91.81
19711116,92.71
19711117,92.85
19711118,92.13
19711119,91.61
19711122,90.79
19711123,90.16
19711124,90.33
19711126,91.94
19711129,93.41
19711130,93.99
19711201,95.54
19711202,95.84
19711203,97.06
19711206,96.51
19711207,96.87
19711208,96.92
19711209,96.96
19711210,97.69
19711213,97.97
19711214,97.67
19711215,98.54
19711216,99.74
19711217,100.26
19711220,101.55
19711221,101.80
19711222,101.18
19711223,100.74
19711227,100.95
19711228,101.95
19711229,102.21
19711230,101.78
19711231,102.09
19720103,101.67
19720104,102.09
19720105,103.07
19720106,103.51
19720107,103.47
19720110,103.32
19720111,103.65
19720112,103.59
19720113,102.99
19720114,103.39
19720117,103.70
19720118,104.05
19720119,103.88
19720120,103.88
19720121,103.65
19720124,102.57
19720125,102.78
19720126,102.50
19720127,103.50
19720128,104.16
19720131,103.94
19720201,104.01
19720202,104.68
19720203,104.64
19720204,104.86
19720207,104.54
19720208,104.74
19720209,105.55
19720210,105.59
19720211,105.08
19720214,104.59
19720215,105.03
19720216,105.62
19720217,105.59
19720218,105.28
19720222,105.29
19720223,105.38
19720224,105.45
19720225,106.18
19720228,106.19
19720229,106.57
19720301,107.35
19720302,107.32
19720303,107.94
19720306,108.77
19720307,108.87
19720308,108.96
19720309,108.94
19720310,108.37
19720313,107.33
19720314,107.61
19720315,107.75
19720316,107.50
19720317,107.92
19720320,107.59
19720321,106.69
19720322,106.84
19720323,107.75
19720324,107.52
19720327,107.30
19720328,107.17
19720329,106.49
19720330,107.20
19720403,107.48
19720404,108.12
19720405,109.00
19720406,109.42
19720407,109.62
19720410,109.45
19720411,109.76
19720412,110.18
19720413,109.91
19720414,109.84
19720417,109.51
19720418,109.77
19720419,109.20
19720420,109.04
19720421,108.89
19720424,108.19
19720425,107.12
19720426,106.89
19720427,107.05
19720428,107.67
19720501,106.69
19720502,106.08
19720503,105.99
19720504,106.25
19720505,106.63
19720508,106.14
19720509,104.74
19720510,105.42
19720511,105.77
19720512,106.38
19720515,106.86
19720516,106.66
19720517,106.89
19720518,107.94
19720519,108.98
19720522,109.69
19720523,109.78
19720524,110.31
19720525,110.46
19720526,110.66
19720530,110.35
19720531,109.53
19720601,109.69
19720602,109.73
19720605,108.82
19720606,108.21
19720607,107.65
19720608,107.28
19720609,106.86
19720612,107.01
19720613,107.55
19720614,108.39
19720615,108.44
19720616,108.36
19720619,108.11
19720620,108.56
19720621,108.79
19720622,108.68
19720623,108.27
19720626,107.48
19720627,107.37
19720628,107.02
19720629,106.82
19720630,107.14
19720703,107.49
19720705,108.10
19720706,109.04
19720707,108.69
19720710,108.11
19720711,107.32
19720712,106.89
19720713,106.28
19720714,106.80
19720717,105.88
19720718,105.83
19720719,106.14
19720720,105.81
19720721,106.66
19720724,107.92
19720725,107.60
19720726,107.53
19720727,107.28
19720728,107.38
19720731,107.39
19720801,108.40
19720802,109.29
19720803,110.14
19720804,110.43
19720807,110.61
19720808,110.69
19720809,110.86
19720810,111.05
19720811,111.95
19720814,112.55
19720815,112.06
19720816,111.66
19720817,111.34
19720818,111.76
19720821,111.72
19720822,112.41
19720823,112.26
19720824,111.02
19720825,110.67
19720828,110.23
19720829,110.41
19720830,110.57
19720831,111.09
19720901,111.51
19720905,111.23
19720906,110.55
19720907,110.29
19720908,110.15
19720911,109.51
19720912,108.47
19720913,108.90
19720914,108.93
19720915,108.81
19720918,108.61
19720919,108.55
19720920,108.60
19720921,108.43
19720922,108.52
19720925,108.05
19720926,108.17
19720927,109.66
19720928,110.35
19720929,110.55
19721002,110.16
19721003,110.30
19721004,110.09
19721005,108.89
19721006,109.62
19721009,109.90
19721010,109.99
19721011,109.50
19721012,108.60
19721013,107.92
19721016,106.77
19721017,107.50
19721018,108.19
19721019,108.05
19721020,109.24
19721023,110.35
19721024,110.81
19721025,110.72
19721026,110.99
19721027,110.62
19721030,110.59
19721031,111.58
19721101,112.67
19721102,113.23
19721103,114.22
19721106,113.98
19721108,113.35
19721109,113.50
19721110,113.73
19721113,113.90
19721114,114.95
19721115,114.50
19721116,115.13
19721117,115.49
19721120,115.53
19721121,116.21
19721122,116.90
19721124,117.27
19721127,116.72
19721128,116.47
19721129,116.52
19721130,116.67
19721201,117.38
19721204,117.77
19721205,117.58
19721206,118.01
19721207,118.60
19721208,118.86
19721211,119.12
19721212,118.66
19721213,118.56
19721214,118.24
19721215,118.26
19721218,116.90
19721219,116.34
19721220,115.95
19721221,115.11
19721222,115.83
19721226,116.30
19721227,116.93
19721229,118.05
19730102,119.10
19730103,119.57
19730104,119.40
19730105,119.87
19730108,119.85
19730109,119.73
19730110,119.43
19730111,120.24
19730112,119.30
19730115,118.44
19730116,118.14
19730117,118.68
19730118,118.85
19730119,118.78
19730122,118.21
19730123,118.22
19730124,116.73
19730126,116.45
19730129,116.01
19730130,115.83
19730131,116.03
19730201,114.76
19730202,114.35
19730205,114.23
19730206,114.45
19730207,113.66
19730208,113.16
19730209,114.68
19730212,116.06
19730213,116.78
19730214,115.10
19730215,114.45
19730216,114.98
19730220,115.40
19730221,114.69
19730222,114.44
19730223,113.16
19730226,112.19
19730227,110.90
19730228,111.68
19730301,111.05
19730302,112.28
19730305,112.68
19730306,114.10
19730307,114.45
19730308,114.23
19730309,113.79
19730312,113.86
19730313,114.48
19730314,114.98
19730315,114.12
19730316,113.54
19730319,112.17
19730320,111.95
19730321,110.49
19730322,108.84
19730323,108.88
19730326,109.84
19730327,111.56
19730328,111.62
19730329,112.71
19730330,111.52
19730402,110.18
19730403,109.24
19730404,108.77
19730405,108.52
19730406,109.28
19730409,110.86
19730410,112.21
19730411,112.68
19730412,112.58
19730413,112.08
19730416,111.44
19730417,110.94
19730418,111.54
19730419,112.17
19730423,111.57
19730424,109.99
19730425,108.34
19730426,108.89
19730427,107.23
19730430,106.97
19730501,107.10
19730502,108.43
19730503,110.22
19730504,111.00
19730507,110.53
19730508,111.25
19730509,110.44
19730510,109.54
19730511,108.17
19730514,105.90
19730515,106.57
19730516,106.43
19730517,105.56
19730518,103.86
19730521,102.73
19730522,103.58
19730523,104.07
19730524,107.14
19730525,107.94
19730529,107.51
19730530,105.91
19730531,104.95
19730601,103.93
19730604,102.97
19730605,104.62
19730606,104.31
19730607,105.84
19730608,107.03
19730611,106.70
19730612,108.29
19730613,107.60
19730614,106.40
19730615,105.10
19730618,103.60
19730619,103.99
19730620,104.44
19730621,103.21
19730622,103.70
19730625,102.25
19730626,103.30
19730627,103.62
19730628,104.69
19730629,104.26
19730702,102.90
19730703,101.87
19730705,101.78
19730706,101.28
19730709,102.14
19730710,103.52
19730711,105.80
19730712,105.50
19730713,104.09
19730716,105.67
19730717,105.72
19730718,106.35
19730719,106.55
19730720,107.14
19730723,107.52
19730724,108.14
19730725,109.64
19730726,109.85
19730727,109.59
19730730,109.25
19730731,108.22
19730801,106.83
19730802,106.67
19730803,106.49
19730806,106.73
19730807,106.55
19730808,105.55
19730809,105.61
19730810,104.77
19730813,103.71
19730814,102.71
19730815,103.01
19730816,102.29
19730817,102.31
19730820,101.61
19730821,100.89
19730822,100.53
19730823,101.91
19730824,101.62
19730827,102.42
19730828,103.02
19730829,104.03
19730830,103.88
19730831,104.25
19730904,104.51
19730905,104.64
19730906,105.15
19730907,104.76
19730910,103.85
19730911,103.22
19730912,103.06
19730913,103.36
19730914,104.44
19730917,104.15
19730918,103.77
19730919,105.88
19730920,106.76
19730921,107.20
19730924,107.36
19730925,108.05
19730926,108.83
19730927,109.08
19730928,108.43
19731001,108.21
19731002,108.79
19731003,108.78
19731004,108.41
19731005,109.85
19731008,110.23
19731009,110.13
19731010,109.22
19731011,111.09
19731012,111.44
19731015,110.05
19731016,110.19
19731017,109.97
19731018,110.01
19731019,110.22
19731022,109.16
19731023,109.75
19731024,110.27
19731025,110.50
19731026,111.38
19731029,111.15
19731030,109.33
19731031,108.29
19731101,107.69
19731102,107.07
19731105,105.52
19731106,104.96
19731107,105.80
19731108,107.02
19731109,105.30
19731112,104.44
19731113,104.36
19731114,102.45
19731115,102.43
19731116,103.88
19731119,100.71
19731120,98.66
19731121,99.76
19731123,99.44
19731126,96.58
19731127,95.70
19731128,97.65
19731129,97.31
19731130,95.96
19731203,93.90
19731204,93.59
19731205,92.16
19731206,94.42
19731207,96.51
19731210,97.95
19731211,96.04
19731212,93.57
19731213,92.38
19731214,93.29
19731217,92.75
19731218,94.74
19731219,94.82
19731220,94.55
19731221,93.54
19731224,92.90
19731226,95.74
19731227,97.74
19731228,97.54
19731231,97.55
19740102,97.68
19740103,99.80
19740104,98.90
19740107,98.07
19740108,96.12
19740109,93.42
19740110,92.39
19740111,93.66
19740114,93.42
19740115,94.23
19740116,95.67
19740117,97.30
19740118,95.56
19740121,95.40
19740122,96.55
19740123,97.07
19740124,96.82
19740125,96.63
19740128,96.09
19740129,96.01
19740130,97.06
19740131,96.57
19740201,95.32
19740204,93.29
19740205,93.00
19740206,93.26
19740207,93.30
19740208,92.33
19740211,90.66
19740212,90.94
19740213,90.98
19740214,90.95
19740215,92.27
19740219,92.12
19740220,93.44
19740221,94.71
19740222,95.39
19740225,95.03
19740226,96.00
19740227,96.40
19740228,96.22
19740301,95.53
19740304,95.53
19740305,97.32
19740306,97.98
19740307,96.94
19740308,97.78
19740311,98.88
19740312,99.15
19740313,99.74
19740314,99.65
19740315,99.28
19740318,98.05
19740319,97.23
19740320,97.57
19740321,97.34
19740322,97.27
19740325,97.64
19740326,97.95
19740327,96.59
19740328,94.82
19740329,93.98
19740401,93.25
19740402,93.35
19740403,94.33
19740404,94.33
19740405,93.01
19740408,92.03
19740409,92.61
19740410,92.40
19740411,92.12
19740415,92.05
19740416,93.66
19740417,94.36
19740418,94.78
19740419,93.75
19740422,93.38
19740423,91.81
19740424,90.30
19740425,89.57
19740426,90.18
19740429,90.00
19740430,90.31
19740501,92.22
19740502,92.09
19740503,91.29
19740506,91.12
19740507,91.46
19740508,91.64
19740509,92.96
19740510,91.47
19740513,90.66
19740514,90.69
19740515,90.45
19740516,89.72
19740517,88.21
19740520,87.86
19740521,87.91
19740522,87.09
19740523,87.29
19740524,88.58
19740528,88.37
19740529,86.89
19740530,87.43
19740531,87.28
19740603,89.10
19740604,90.14
19740605,90.31
19740606,91.96
19740607,92.55
19740610,93.10
19740611,92.28
19740612,92.06
19740613,92.34
19740614,91.30
19740617,90.04
19740618,89.45
19740619,88.84
19740620,88.21
19740621,87.46
19740624,87.69
19740625,88.98
19740626,87.67
19740627,86.31
19740628,86.00
19740701,86.02
19740702,84.30
19740703,84.25
19740705,83.66
19740708,81.09
19740709,81.48
19740710,79.99
19740711,79.89
19740712,83.15
19740715,83.78
19740716,82.81
19740717,83.70
19740718,83.78
19740719,83.54
19740722,83.81
19740723,84.65
19740724,84.99
19740725,83.98
19740726,82.40
19740729,80.94
19740730,80.50
19740731,79.31
19740801,78.75
19740802,78.59
19740805,79.29
19740806,80.52
19740807,82.65
19740808,81.57
19740809,80.86
19740812,79.75
19740813,78.49
19740814,76.73
19740815,76.30
19740816,75.67
19740819,74.57
19740820,74.95
19740821,73.51
19740822,72.80
19740823,71.55
19740826,72.16
19740827,70.94
19740828,70.76
19740829,69.99
19740830,72.15
19740903,70.52
19740904,68.69
19740905,70.87
19740906,71.42
19740909,69.72
19740910,69.24
19740911,68.55
19740912,66.71
19740913,65.20
19740916,66.26
19740917,67.38
19740918,67.72
19740919,70.09
19740920,70.14
19740923,69.42
19740924,68.02
19740925,67.57
19740926,66.46
19740927,64.94
19740930,63.54
19741001,63.39
19741002,63.38
19741003,62.28
19741004,62.34
19741007,64.95
19741008,64.84
19741009,67.82
19741010,69.79
19741011,71.14
19741014,72.74
19741015,71.44
19741016,70.33
19741017,71.17
19741018,72.28
19741021,73.50
19741022,73.13
19741023,71.03
19741024,70.22
19741025,70.12
19741028,70.09
19741029,72.83
19741030,74.31
19741031,73.90
19741101,73.88
19741104,73.08
19741105,75.11
19741106,74.75
19741107,75.21
19741108,74.91
19741111,75.15
19741112,73.67
19741113,73.35
19741114,73.06
19741115,71.91
19741118,69.27
19741119,68.20
19741120,67.90
19741121,68.18
19741122,68.90
19741125,68.83
19741126,69.47
19741127,69.94
19741129,69.97
19741202,68.11
19741203,67.17
19741204,67.41
19741205,66.13
19741206,65.01
19741209,65.60
19741210,67.28
19741211,67.67
19741212,67.45
19741213,67.07
19741216,66.46
19741217,67.58
19741218,67.90
19741219,67.65
19741220,66.91
19741223,65.96
19741224,66.88
19741226,67.44
19741227,67.14
19741230,67.16
19741231,68.56
19750102,70.23
19750103,70.71
19750106,71.07
19750107,71.02
19750108,70.04
19750109,71.17
19750110,72.61
19750113,72.31
19750114,71.68
19750115,72.14
19750116,72.05
19750117,70.96
19750120,71.08
19750121,70.70
19750122,71.74
19750123,72.07
19750124,72.98
19750127,75.37
19750128,76.03
19750129,77.26
19750130,76.21
19750131,76.98
19750203,77.82
19750204,77.61
19750205,78.95
19750206,78.56
19750207,78.63
19750210,78.36
19750211,78.58
19750212,79.92
19750213,81.01
19750214,81.50
19750218,80.93
19750219,81.44
19750220,82.21
19750221,82.62
19750224,81.44
19750225,79.53
19750226,80.37
19750227,80.77
19750228,81.59
19750303,83.03
19750304,83.56
19750305,82.90
19750306,83.69
19750307,84.30
19750310,84.95
19750311,84.36
19750312,83.59
19750313,83.74
19750314,84.76
19750317,86.01
19750318,85.13
19750319,84.34
19750320,83.61
19750321,83.39
19750324,81.42
19750325,82.06
19750326,83.59
19750327,83.85
19750331,83.36
19750401,82.64
19750402,82.43
19750403,81.51
19750404,80.88
19750407,80.35
19750408,80.99
19750409,82.84
19750410,83.77
19750411,84.18
19750414,85.60
19750415,86.30
19750416,86.60
19750417,87.25
19750418,86.30
19750421,87.23
19750422,87.09
19750423,86.12
19750424,86.04
19750425,86.62
19750428,86.23
19750429,85.64
19750430,87.30
19750501,88.10
19750502,89.22
19750505,90.08
19750506,88.64
19750507,89.08
19750508,89.56
19750509,90.53
19750512,90.61
19750513,91.58
19750514,92.27
19750515,91.41
19750516,90.43
19750519,90.53
19750520,90.07
19750521,89.06
19750522,89.39
19750523,90.58
19750527,90.34
19750528,89.71
19750529,89.68
19750530,91.15
19750602,92.58
19750603,92.89
19750604,92.60
19750605,92.69
19750606,92.48
19750609,91.21
19750610,90.44
19750611,90.55
19750612,90.08
19750613,90.52
19750616,91.46
19750617,90.58
19750618,90.39
19750619,92.02
19750620,92.61
19750623,93.62
19750624,94.19
19750625,94.62
19750626,94.81
19750627,94.81
19750630,95.19
19750701,94.85
19750702,94.18
19750703,94.36
19750707,93.54
19750708,93.39
19750709,94.80
19750710,94.81
19750711,94.66
19750714,95.19
19750715,95.61
19750716,94.61
19750717,93.63
19750718,93.20
19750721,92.44
19750722,91.45
19750723,90.18
19750724,90.07
19750725,89.29
19750728,88.69
19750729,88.19
19750730,88.83
19750731,88.75
19750801,87.99
19750804,87.15
19750805,86.23
19750806,86.25
19750807,86.30
19750808,86.02
19750811,86.55
19750812,87.12
19750813,85.97
19750814,85.60
19750815,86.36
19750818,86.20
19750819,84.95
19750820,83.22
19750821,83.07
19750822,84.28
19750825,85.06
19750826,83.96
19750827,84.43
19750828,86.40
19750829,86.88
19750902,85.48
19750903,86.03
19750904,86.20
19750905,85.62
19750908,85.89
19750909,84.60
19750910,83.79
19750911,83.45
19750912,83.30
19750915,82.88
19750916,82.09
19750917,82.37
19750918,84.06
19750919,85.88
19750922,85.07
19750923,84.94
19750924,85.74
19750925,85.64
19750926,86.19
19750929,85.03
19750930,83.87
19751001,82.93
19751002,83.82
19751003,85.95
19751006,86.88
19751007,86.77
19751008,87.94
19751009,88.37
19751010,88.21
19751013,89.46
19751014,89.28
19751015,89.23
19751016,89.37
19751017,88.86
19751020,89.82
19751021,90.56
19751022,90.71
19751023,91.24
19751024,89.83
19751027,89.73
19751028,90.51
19751029,89.39
19751030,89.31
19751031,89.04
19751103,88.09
19751104,88.51
19751105,89.15
19751106,89.55
19751107,89.33
19751110,89.34
19751111,89.87
19751112,91.19
19751113,91.04
19751114,90.97
19751117,91.46
19751118,91.00
19751119,89.98
19751120,89.64
19751121,89.53
19751124,89.70
19751125,90.71
19751126,90.94
19751128,91.24
19751201,90.67
19751202,89.33
19751203,87.60
19751204,87.84
19751205,86.82
19751208,87.07
19751209,87.30
19751210,88.08
19751211,87.80
19751212,87.83
19751215,88.09
19751216,88.93
19751217,89.15
19751218,89.43
19751219,88.80
19751222,88.14
19751223,88.73
19751224,89.46
19751226,90.25
19751229,90.13
19751230,89.77
19751231,90.19
19760102,90.90
19760105,92.58
19760106,93.53
19760107,93.95
19760108,94.58
19760109,94.95
19760112,96.33
19760113,95.57
19760114,97.13
19760115,96.61
19760116,97.00
19760119,98.32
19760120,98.86
19760121,98.24
19760122,98.04
19760123,99.21
19760126,99.68
19760127,99.07
19760128,98.53
19760129,100.11
19760130,100.86
19760202,100.87
19760203,101.18
19760204,101.92
19760205,100.39
19760206,99.46
19760209,99.62
19760210,100.47
19760211,100.77
19760212,100.25
19760213,99.67
19760217,99.05
19760218,99.85
19760219,101.41
19760220,102.10
19760223,101.61
19760224,102.03
19760225,101.69
19760226,100.11
19760227,99.71
19760301,100.02
19760302,100.56
19760303,99.98
19760304,98.92
19760305,99.11
19760308,100.19
19760309,100.58
19760310,100.94
19760311,101.89
19760312,100.86
19760315,99.80
19760316,100.92
19760317,100.86
19760318,100.45
19760319,100.58
19760322,100.71
19760323,102.24
19760324,103.42
19760325,102.85
19760326,102.85
19760329,102.41
19760330,102.01
19760331,102.77
19760401,102.24
19760402,102.25
19760405,103.51
19760406,103.36
19760407,102.21
19760408,101.28
19760409,100.35
19760412,100.20
19760413,101.05
19760414,100.31
19760415,100.67
19760419,101.44
19760420,102.87
19760421,103.32
19760422,102.98
19760423,102.29
19760426,102.43
19760427,101.86
19760428,102.13
19760429,102.13
19760430,101.64
19760503,100.92
19760504,101.46
19760505,100.88
19760506,101.16
19760507,101.88
19760510,103.10
19760511,102.95
19760512,102.77
19760513,102.16
19760514,101.34
19760517,101.09
19760518,101.26
19760519,101.18
19760520,102.00
19760521,101.26
19760524,99.44
19760525,99.49
19760526,99.34
19760527,99.38
19760528,100.18
19760601,99.85
19760602,100.22
19760603,100.13
19760604,99.15
19760607,98.63
19760608,98.80
19760609,98.74
19760610,99.56
19760611,100.92
19760614,101.95
19760615,101.46
19760616,102.01
19760617,103.61
19760618,103.76
19760621,104.28
19760622,103.47
19760623,103.25
19760624,103.79
19760625,103.72
19760628,103.43
19760629,103.86
19760630,104.28
19760701,103.59
19760702,104.11
19760706,103.54
19760707,103.83
19760708,103.98
19760709,104.98
19760712,105.90
19760713,105.67
19760714,105.95
19760715,105.20
19760716,104.68
19760719,104.29
19760720,103.72
19760721,103.82
19760722,103.93
19760723,104.06
19760726,104.07
19760727,103.48
19760728,103.05
19760729,102.93
19760730,103.44
19760802,103.19
19760803,104.14
19760804,104.43
19760805,103.85
19760806,103.79
19760809,103.49
19760810,104.41
19760811,104.06
19760812,104.22
19760813,104.25
19760816,104.43
19760817,104.80
19760818,104.56
19760819,103.39
19760820,102.37
19760823,101.96
19760824,101.27
19760825,102.03
19760826,101.32
19760827,101.48
19760830,102.07
19760831,102.91
19760901,104.06
19760902,103.92
19760903,104.30
19760907,105.03
19760908,104.94
19760909,104.40
19760910,104.65
19760913,104.29
19760914,103.94
19760915,104.21
19760916,105.34
19760917,106.27
19760920,106.32
19760921,107.83
19760922,107.46
19760923,106.92
19760924,106.80
19760927,107.26
19760928,105.92
19760929,105.37
19760930,105.24
19761001,104.17
19761004,104.03
19761005,103.23
19761006,102.97
19761007,103.54
19761008,102.56
19761011,101.64
19761012,100.81
19761013,102.12
19761014,100.85
19761015,100.88
19761018,101.47
19761019,101.45
19761020,101.74
19761021,100.77
19761022,99.96
19761025,100.07
19761026,101.06
19761027,101.76
19761028,101.61
19761029,102.90
19761101,103.10
19761103,101.92
19761104,102.41
19761105,100.82
19761108,99.60
19761109,99.32
19761110,98.81
19761111,99.64
19761112,99.24
19761115,99.90
19761116,100.04
19761117,100.61
19761118,101.89
19761119,101.92
19761122,102.59
19761123,101.96
19761124,102.41
19761126,103.15
19761129,102.44
19761130,102.10
19761201,102.49
19761202,102.12
19761203,102.76
19761206,103.56
19761207,103.49
19761208,104.08
19761209,104.51
19761210,104.70
19761213,104.63
19761214,105.07
19761215,105.14
19761216,104.80
19761217,104.26
19761220,103.65
19761221,104.22
19761222,104.71
19761223,104.84
19761227,106.06
19761228,106.77
19761229,106.34
19761230,106.88
19761231,107.46
19770103,107.00
19770104,105.70
19770105,104.76
19770106,105.02
19770107,105.01
19770110,105.20
19770111,104.12
19770112,103.40
19770113,104.20
19770114,104.01
19770117,103.73
19770118,103.32
19770119,103.85
19770120,102.97
19770121,103.32
19770124,103.25
19770125,103.13
19770126,102.34
19770127,101.79
19770128,101.93
19770131,102.03
19770201,102.54
19770202,102.36
19770203,101.85
19770204,101.88
19770207,101.89
19770208,101.60
19770209,100.73
19770210,100.82
19770211,100.22
19770214,100.74
19770215,101.04
19770216,101.50
19770217,100.92
19770218,100.49
19770222,100.49
19770223,100.19
19770224,99.60
19770225,99.48
19770228,99.82
19770301,100.66
19770302,100.39
19770303,100.88
19770304,101.20
19770307,101.25
19770308,100.87
19770309,100.10
19770310,100.67
19770311,100.65
19770314,101.42
19770315,101.98
19770316,102.17
19770317,102.08
19770318,101.86
19770321,101.31
19770322,101.00
19770323,100.20
19770324,99.70
19770325,99.06
19770328,99.00
19770329,99.69
19770330,98.54
19770331,98.42
19770401,99.21
19770404,98.23
19770405,98.01
19770406,97.91
19770407,98.35
19770411,98.88
19770412,100.15
19770413,100.16
19770414,101.00
19770415,101.04
19770418,100.54
19770419,100.07
19770420,100.40
19770421,99.75
19770422,98.44
19770425,97.15
19770426,97.11
19770427,97.96
19770428,98.20
19770429,98.44
19770502,98.93
19770503,99.43
19770504,99.96
19770505,100.11
19770506,99.49
19770509,99.18
19770510,99.47
19770511,98.78
19770512,98.73
19770513,99.03
19770516,99.47
19770517,99.77
19770518,100.30
19770519,99.88
19770520,99.45
19770523,98.15
19770524,97.67
19770525,96.77
19770526,97.01
19770527,96.27
19770531,96.12
19770601,96.93
19770602,96.74
19770603,97.69
19770606,97.23
19770607,97.73
19770608,98.20
19770609,98.14
19770610,98.46
19770613,98.74
19770614,99.86
19770615,99.62
19770616,99.85
19770617,99.97
19770620,100.42
19770621,100.74
19770622,100.46
19770623,100.62
19770624,101.19
19770627,100.98
19770628,100.14
19770629,100.11
19770630,100.48
19770701,100.10
19770705,100.09
19770706,99.58
19770707,99.93
19770708,99.79
19770711,99.55
19770712,99.45
19770713,99.59
19770715,100.18
19770718,100.95
19770719,101.79
19770720,101.73
19770721,101.59
19770722,101.67
19770725,100.85
19770726,100.27
19770727,98.64
19770728,98.79
19770729,98.85
19770801,99.12
19770802,98.50
19770803,98.37
19770804,98.74
19770805,98.76
19770808,97.99
19770809,98.05
19770810,98.92
19770811,98.16
19770812,97.88
19770815,98.18
19770816,97.73
19770817,97.74
19770818,97.68
19770819,97.51
19770822,97.79
19770823,97.62
19770824,97.23
19770825,96.15
19770826,96.06
19770829,96.92
19770830,96.38
19770831,96.77
19770901,96.83
19770902,97.45
19770906,97.71
19770907,98.01
19770908,97.28
19770909,96.37
19770912,96.03
19770913,96.09
19770914,96.55
19770915,96.80
19770916,96.48
19770919,95.85
19770920,95.89
19770921,95.10
19770922,95.09
19770923,95.04
19770926,95.38
19770927,95.24
19770928,95.31
19770929,95.85
19770930,96.53
19771003,96.74
19771004,96.03
19771005,95.68
19771006,96.05
19771007,95.97
19771010,95.75
19771011,94.93
19771012,94.04
19771013,93.46
19771014,93.56
19771017,93.47
19771018,93.46
19771019,92.38
19771020,92.67
19771021,92.32
19771024,91.63
19771025,91.00
19771026,92.10
19771027,92.34
19771028,92.62
19771031,92.34
19771101,91.35
19771102,90.71
19771103,90.76
19771104,91.58
19771107,92.29
19771108,92.46
19771109,92.98
19771110,94.71
19771111,95.98
19771114,95.32
19771115,95.93
19771116,95.45
19771117,95.16
19771118,95.33
19771121,95.25
19771122,96.09
19771123,96.49
19771125,96.69
19771128,96.04
19771129,94.55
19771130,94.83
19771201,94.69
19771202,94.67
19771205,94.27
19771206,92.83
19771207,92.78
19771208,92.96
19771209,93.65
19771212,93.63
19771213,93.56
19771214,94.03
19771215,93.55
19771216,93.40
19771219,92.69
19771220,92.50
19771221,93.05
19771222,93.80
19771223,94.69
19771227,94.69
19771228,94.75
19771229,94.94
19771230,95.10
19780103,93.82
19780104,93.52
19780105,92.74
19780106,91.62
19780109,90.64
19780110,90.17
19780111,89.74
19780112,89.82
19780113,89.69
19780116,89.43
19780117,89.88
19780118,90.56
19780119,90.09
19780120,89.89
19780123,89.24
19780124,89.25
19780125,89.39
19780126,88.58
19780127,88.58
19780130,89.34
19780131,89.25
19780201,89.93
19780202,90.13
19780203,89.62
19780206,89.50
19780207,90.33
19780208,90.83
19780209,90.30
19780210,90.08
19780213,89.86
19780214,89.04
19780215,88.83
19780216,88.08
19780217,87.96
19780221,87.59
19780222,87.56
19780223,87.64
19780224,88.49
19780227,87.72
19780228,87.04
19780301,87.19
19780302,87.32
19780303,87.45
19780306,86.90
19780307,87.36
19780308,87.84
19780309,87.89
19780310,88.88
19780313,88.95
19780314,89.35
19780315,89.12
19780316,89.51
19780317,90.20
19780320,90.82
19780321,89.79
19780322,89.47
19780323,89.36
19780327,88.87
19780328,89.50
19780329,89.64
19780330,89.41
19780331,89.21
19780403,88.46
19780404,88.86
19780405,89.64
19780406,89.79
19780407,90.17
19780410,90.49
19780411,90.25
19780412,90.11
19780413,90.98
19780414,92.92
19780417,94.45
19780418,93.43
19780419,93.86
19780420,94.54
19780421,94.34
19780424,95.77
19780425,96.64
19780426,96.82
19780427,95.86
19780428,96.83
19780501,97.67
19780502,97.25
19780503,96.26
19780504,95.93
19780505,96.53
19780508,96.19
19780509,95.90
19780510,95.92
19780511,97.20
19780512,98.07
19780515,98.76
19780516,99.35
19780517,99.60
19780518,98.62
19780519,98.12
19780522,99.09
19780523,98.05
19780524,97.08
19780525,96.80
19780526,96.58
19780530,96.86
19780531,97.24
19780601,97.35
19780602,98.14
19780605,99.95
19780606,100.32
19780607,100.12
19780608,100.21
19780609,99.93
19780612,99.55
19780613,99.57
19780614,99.48
19780615,98.34
19780616,97.42
19780619,97.49
19780620,96.51
19780621,96.01
19780622,96.24
19780623,95.85
19780626,94.60
19780627,94.98
19780628,95.40
19780629,95.57
19780630,95.53
19780703,95.09
19780705,94.27
19780706,94.32
19780707,94.89
19780710,95.27
19780711,95.93
19780712,96.24
19780713,96.25
19780714,97.58
19780717,97.78
19780718,96.87
19780719,98.12
19780720,98.03
19780721,97.75
19780724,97.72
19780725,98.44
19780726,99.08
19780727,99.54
19780728,100.00
19780731,100.68
19780801,100.66
19780802,102.92
19780803,103.51
19780804,103.92
19780807,103.55
19780808,104.01
19780809,104.50
19780810,103.66
19780811,103.96
19780814,103.97
19780815,103.85
19780816,104.65
19780817,105.08
19780818,104.73
19780821,103.89
19780822,104.31
19780823,104.91
19780824,105.08
19780825,104.90
19780828,103.96
19780829,103.39
19780830,103.47
19780831,103.29
19780901,103.68
19780905,104.49
19780906,105.38
19780907,105.42
19780908,106.79
19780911,106.98
19780912,106.99
19780913,106.34
19780914,105.10
19780915,104.12
19780918,103.21
19780919,102.53
19780920,101.73
19780921,101.90
19780922,101.84
19780925,101.86
19780926,102.62
19780927,101.66
19780928,101.96
19780929,102.54
19781002,102.96
19781003,102.60
19781004,103.06
19781005,103.27
19781006,103.52
19781009,104.59
19781010,104.46
19781011,105.39
19781012,104.88
19781013,104.66
19781016,102.61
19781017,101.26
19781018,100.49
19781019,99.33
19781020,97.95
19781023,98.18
19781024,97.49
19781025,97.31
19781026,96.03
19781027,94.59
19781030,95.06
19781031,93.15
19781101,96.85
19781102,95.61
19781103,96.18
19781106,95.19
19781107,93.85
19781108,94.45
19781109,94.42
19781110,94.77
19781113,93.13
19781114,92.49
19781115,92.71
19781116,93.71
19781117,94.42
19781120,95.25
19781121,95.01
19781122,95.48
19781124,95.79
19781127,95.99
19781128,95.15
19781129,93.75
19781130,94.70
19781201,96.28
19781204,96.15
19781205,97.44
19781206,97.49
19781207,97.08
19781208,96.63
19781211,97.11
19781212,96.59
19781213,96.06
19781214,96.04
19781215,95.33
19781218,93.44
19781219,94.24
19781220,94.68
19781221,94.71
19781222,96.31
19781226,97.52
19781227,96.66
19781228,96.28
19781229,96.11
19790102,96.73
19790103,97.80
19790104,98.58
19790105,99.13
19790108,98.80
19790109,99.33
19790110,98.77
19790111,99.10
19790112,99.93
19790115,100.69
19790116,99.46
19790117,99.48
19790118,99.72
19790119,99.75
19790122,99.90
19790123,100.60
19790124,100.16
19790125,101.19
19790126,101.86
19790129,101.55
19790130,101.05
19790131,99.93
19790201,99.96
19790202,99.50
19790205,98.09
19790206,98.05
19790207,97.16
19790208,97.65
19790209,97.87
19790212,98.20
19790213,98.93
19790214,98.87
19790215,98.73
19790216,98.67
19790220,99.42
19790221,99.07
19790222,98.33
19790223,97.78
19790226,97.67
19790227,96.13
19790228,96.28
19790301,96.90
19790302,96.97
19790305,98.06
19790306,97.87
19790307,98.44
19790308,99.58
19790309,99.54
19790312,99.67
19790313,99.84
19790314,99.71
19790315,99.86
19790316,100.69
19790319,101.06
19790320,100.50
19790321,101.25
19790322,101.67
19790323,101.60
19790326,101.04
19790327,102.48
19790328,102.12
19790329,102.03
19790330,101.59
19790402,100.90
19790403,102.40
19790404,102.65
19790405,103.26
19790406,103.18
19790409,102.87
19790410,103.34
19790411,102.31
19790412,102.00
19790416,101.12
19790417,101.24
19790418,101.70
19790419,101.28
19790420,101.23
19790423,101.57
19790424,102.20
19790425,102.50
19790426,102.01
19790427,101.80
19790430,101.76
19790501,101.68
19790502,101.72
19790503,101.81
19790504,100.69
19790507,99.02
19790508,99.17
19790509,99.46
19790510,98.52
19790511,98.52
19790514,98.06
19790515,98.14
19790516,98.42
19790517,99.94
19790518,99.93
19790521,100.14
19790522,100.51
19790523,99.88
19790524,99.93
19790525,100.22
19790529,100.05
19790530,99.11
19790531,99.08
19790601,99.17
19790604,99.32
19790605,100.62
19790606,101.30
19790607,101.79
19790608,101.49
19790611,101.91
19790612,102.85
19790613,102.31
19790614,102.20
19790615,102.09
19790618,101.56
19790619,101.58
19790620,101.63
19790621,102.09
19790622,102.64
19790625,102.09
19790626,101.66
19790627,102.27
19790628,102.80
19790629,102.91
19790702,101.99
19790703,102.09
19790705,102.43
19790706,103.62
19790709,104.47
19790710,104.20
19790711,103.64
19790712,102.69
19790713,102.32
19790716,102.74
19790717,101.83
19790718,101.69
19790719,101.61
19790720,101.82
19790723,101.59
19790724,101.97
19790725,103.08
19790726,103.10
19790727,103.10
19790730,103.15
19790731,103.81
19790801,104.17
19790802,104.10
19790803,104.04
19790806,104.30
19790807,105.65
19790808,105.98
19790809,105.49
19790810,106.40
19790813,107.42
19790814,107.52
19790815,108.25
19790816,108.09
19790817,108.30
19790820,108.83
19790821,108.91
19790822,108.99
19790823,108.63
19790824,108.60
19790827,109.14
19790828,109.02
19790829,109.02
19790830,109.02
19790831,109.32
19790904,107.44
19790905,106.40
19790906,106.85
19790907,107.66
19790910,108.17
19790911,107.51
19790912,107.82
19790913,107.85
19790914,108.76
19790917,108.84
19790918,108.00
19790919,108.28
19790920,110.51
19790921,110.47
19790924,109.61
19790925,109.68
19790926,109.96
19790927,110.21
19790928,109.32
19791001,108.56
19791002,109.59
19791003,109.59
19791004,110.17
19791005,111.27
19791008,109.88
19791009,106.63
19791010,105.30
19791011,105.05
19791012,104.49
19791015,103.36
19791016,103.19
19791017,103.39
19791018,103.61
19791019,101.60
19791022,100.71
19791023,100.28
19791024,100.44
19791025,100.00
19791026,100.57
19791029,100.71
19791030,102.67
19791031,101.82
19791101,102.57
19791102,102.51
19791105,101.82
19791106,101.20
19791107,99.87
19791108,100.30
19791109,101.51
19791112,103.51
19791113,102.94
19791114,103.39
19791115,104.13
19791116,103.79
19791119,104.23
19791120,103.69
19791121,103.89
19791123,104.67
19791126,106.80
19791127,106.38
19791128,106.77
19791129,106.81
19791130,106.16
19791203,105.83
19791204,106.79
19791205,107.25
19791206,108.00
19791207,107.52
19791210,107.67
19791211,107.49
19791212,107.52
19791213,107.67
19791214,108.92
19791217,109.33
19791218,108.30
19791219,108.20
19791220,108.26
19791221,107.59
19791224,107.66
19791226,107.78
19791227,107.96
19791228,107.84
19791231,107.94
19800102,105.76
19800103,105.22
19800104,106.52
19800107,106.81
19800108,108.95
19800109,109.05
19800110,109.89
19800111,109.92
19800114,110.38
19800115,111.14
19800116,111.05
19800117,110.70
19800118,111.07
19800121,112.10
19800122,111.51
19800123,113.44
19800124,113.70
19800125,113.61
19800128,114.85
19800129,114.07
19800130,115.20
19800131,114.16
19800201,115.12
19800204,114.37
19800205,114.66
19800206,115.72
19800207,116.28
19800208,117.95
19800211,117.12
19800212,117.90
19800213,118.44
19800214,116.72
19800215,115.41
19800219,114.60
19800220,116.47
19800221,115.28
19800222,115.04
19800225,113.33
19800226,113.98
19800227,112.38
19800228,112.35
19800229,113.66
19800303,112.50
19800304,112.78
19800305,111.13
19800306,108.65
19800307,106.90
19800310,106.51
19800311,107.78
19800312,106.87
19800313,105.62
19800314,105.43
19800317,102.26
19800318,104.10
19800319,104.31
19800320,103.12
19800321,102.31
19800324,99.28
19800325,99.19
19800326,98.68
19800327,98.22
19800328,100.68
19800331,102.09
19800401,102.18
19800402,102.68
19800403,102.15
19800407,100.19
19800408,101.20
19800409,103.11
19800410,104.08
19800411,103.79
19800414,102.84
19800415,102.63
19800416,101.54
19800417,101.05
19800418,100.55
19800421,99.80
19800422,103.43
19800423,103.73
19800424,104.40
19800425,105.16
19800428,105.64
19800429,105.86
19800430,106.29
19800501,105.46
19800502,105.58
19800505,106.38
19800506,106.25
19800507,107.18
19800508,106.13
19800509,104.72
19800512,104.78
19800513,106.30
19800514,106.85
19800515,106.99
19800516,107.35
19800519,107.67
19800520,107.62
19800521,107.72
19800522,109.01
19800523,110.62
19800527,111.40
19800528,112.06
19800529,110.27
19800530,111.24
19800602,110.76
19800603,110.51
19800604,112.61
19800605,112.78
19800606,113.20
19800609,113.71
19800610,114.66
19800611,116.02
19800612,115.52
19800613,115.81
19800616,116.09
19800617,116.03
19800618,116.26
19800619,114.66
19800620,114.06
19800623,114.51
19800624,115.14
19800625,116.72
19800626,116.19
19800627,116.00
19800630,114.24
19800701,114.93
19800702,115.68
19800703,117.46
19800707,118.29
19800708,117.84
19800709,117.98
19800710,116.95
19800711,117.84
19800714,120.01
19800715,119.30
19800716,119.63
19800717,121.44
19800718,122.04
19800721,122.51
19800722,122.19
19800723,121.93
19800724,121.79
19800725,120.78
19800728,121.43
19800729,122.40
19800730,122.23
19800731,121.67
19800801,121.21
19800804,120.98
19800805,120.74
19800806,121.55
19800807,123.30
19800808,123.61
19800811,124.78
19800812,123.79
19800813,123.28
19800814,125.25
19800815,125.72
19800818,123.39
19800819,122.60
19800820,123.77
19800821,125.46
19800822,126.02
19800825,125.16
19800826,124.84
19800827,123.52
19800828,122.08
19800829,122.38
19800902,123.74
19800903,126.12
19800904,125.42
19800905,124.88
19800908,123.31
19800909,124.07
19800910,124.81
19800911,125.66
19800912,125.54
19800915,125.67
19800916,126.74
19800917,128.87
19800918,128.40
19800919,129.25
19800922,130.40
19800923,129.43
19800924,130.37
19800925,128.72
19800926,126.35
19800929,123.54
19800930,125.46
19801001,127.13
19801002,128.09
19801003,129.33
19801006,131.73
19801007,131.00
19801008,131.65
19801009,131.04
19801010,130.29
19801013,132.03
19801014,132.02
19801015,133.70
19801016,132.22
19801017,131.52
19801020,132.61
19801021,131.84
19801022,131.92
19801023,129.53
19801024,129.85
19801027,127.88
19801028,128.05
19801029,127.91
19801030,126.29
19801031,127.47
19801103,129.04
19801105,131.33
19801106,128.91
19801107,129.18
19801110,129.48
19801111,131.26
19801112,134.59
19801113,136.49
19801114,137.15
19801117,137.75
19801118,139.70
19801119,139.06
19801120,140.40
19801121,139.11
19801124,138.31
19801125,139.33
19801126,140.17
19801128,140.52
19801201,137.21
19801202,136.97
19801203,136.71
19801204,136.48
19801205,134.03
19801208,130.61
19801209,130.48
19801210,128.26
19801211,127.36
19801212,129.23
19801215,129.45
19801216,130.60
19801217,132.89
19801218,133.00
19801219,133.70
19801222,135.78
19801223,135.30
19801224,135.88
19801226,136.57
19801229,135.03
19801230,135.33
19801231,135.76
19810102,136.34
19810105,137.97
19810106,138.12
19810107,135.08
19810108,133.06
19810109,133.48
19810112,133.52
19810113,133.29
19810114,133.47
19810115,134.22
19810116,134.77
19810119,134.37
19810120,131.65
19810121,131.36
19810122,130.26
19810123,130.23
19810126,129.84
19810127,131.12
19810128,130.34
19810129,130.24
19810130,129.55
19810202,126.91
19810203,128.46
19810204,128.59
19810205,129.63
19810206,130.60
19810209,129.27
19810210,129.24
19810211,128.24
19810212,127.48
19810213,126.98
19810217,127.81
19810218,128.48
19810219,126.61
19810220,126.58
19810223,127.35
19810224,127.39
19810225,128.52
19810226,130.10
19810227,131.27
19810302,132.01
19810303,130.56
19810304,130.86
19810305,129.93
19810306,129.85
19810309,131.12
19810310,130.46
19810311,129.95
19810312,133.19
19810313,133.11
19810316,134.68
19810317,133.92
19810318,134.22
19810319,133.46
19810320,134.08
19810323,135.69
19810324,134.67
19810325,137.11
19810326,136.27
19810327,134.65
19810330,134.28
19810331,136.00
19810401,136.57
19810402,136.32
19810403,135.49
19810406,133.93
19810407,133.91
19810408,134.31
19810409,134.67
19810410,134.51
19810413,133.15
19810414,132.68
19810415,134.17
19810416,134.70
19810420,135.45
19810421,134.23
19810422,134.14
19810423,133.94
19810424,135.14
19810427,135.48
19810428,134.33
19810429,133.05
19810430,132.81
19810501,132.72
19810504,130.67
19810505,130.32
19810506,130.78
19810507,131.67
19810508,131.66
19810511,129.71
19810512,130.72
19810513,130.55
19810514,131.28
19810515,132.17
19810518,132.54
19810519,132.09
19810520,132.00
19810521,131.75
19810522,131.33
19810526,132.77
19810527,133.77
19810528,133.45
19810529,132.59
19810601,132.41
19810602,130.62
19810603,130.71
19810604,130.96
19810605,132.22
19810608,132.24
19810609,131.97
19810610,132.32
19810611,133.75
19810612,133.49
19810615,133.61
19810616,132.15
19810617,133.32
19810618,131.64
19810619,132.27
19810622,131.95
19810623,133.35
19810624,132.66
19810625,132.81
19810626,132.56
19810629,131.89
19810630,131.21
19810701,129.77
19810702,128.64
19810706,127.37
19810707,128.24
19810708,128.32
19810709,129.30
19810710,129.37
19810713,129.64
19810714,129.65
19810715,130.25
19810716,130.34
19810717,130.76
19810720,128.72
19810721,128.34
19810722,127.13
19810723,127.40
19810724,128.46
19810727,129.90
19810728,129.14
19810729,129.16
19810730,130.01
19810731,130.92
19810803,130.48
19810804,131.18
19810805,132.67
19810806,132.64
19810807,131.75
19810810,132.54
19810811,133.85
19810812,133.40
19810813,133.51
19810814,132.49
19810817,131.22
19810818,130.11
19810819,130.49
19810820,130.69
19810821,129.23
19810824,125.50
19810825,125.13
19810826,124.96
19810827,123.51
19810828,124.08
19810831,122.79
19810901,123.02
19810902,123.49
19810903,121.24
19810904,120.07
19810908,117.98
19810909,118.40
19810910,120.14
19810911,121.61
19810914,120.66
19810915,119.77
19810916,118.87
19810917,117.15
19810918,116.26
19810921,117.24
19810922,116.68
19810923,115.65
19810924,115.01
19810925,112.77
19810928,115.53
19810929,115.94
19810930,116.18
19811001,117.08
19811002,119.36
19811005,119.51
19811006,119.39
19811007,121.31
19811008,122.31
19811009,121.45
19811012,121.21
19811013,120.78
19811014,118.80
19811015,119.71
19811016,119.19
19811019,118.98
19811020,120.28
19811021,120.10
19811022,119.64
19811023,118.60
19811026,118.16
19811027,119.29
19811028,119.45
19811029,119.06
19811030,121.89
19811102,124.20
19811103,124.80
19811104,124.74
19811105,123.54
19811106,122.67
19811109,123.29
19811110,122.70
19811111,122.92
19811112,123.19
19811113,121.67
19811116,120.24
19811117,121.15
19811118,120.26
19811119,120.71
19811120,121.71
19811123,121.60
19811124,123.51
19811125,124.05
19811127,125.09
19811130,126.35
19811201,126.10
19811202,124.69
19811203,125.12
19811204,126.26
19811207,125.19
19811208,124.82
19811209,125.48
19811210,125.71
19811211,124.93
19811214,122.78
19811215,122.99
19811216,122.42
19811217,123.12
19811218,124.00
19811221,123.34
19811222,122.88
19811223,122.31
19811224,122.54
19811228,122.27
19811229,121.67
19811230,122.30
19811231,122.55
19820104,122.74
19820105,120.05
19820106,119.18
19820107,118.93
19820108,119.55
19820111,116.78
19820112,116.30
19820113,114.88
19820114,115.54
19820115,116.33
19820118,117.22
19820119,115.97
19820120,115.27
19820121,115.75
19820122,115.38
19820125,115.41
19820126,115.19
19820127,115.74
19820128,118.92
19820129,120.40
19820201,117.78
19820202,118.01
19820203,116.48
19820204,116.42
19820205,117.26
19820208,114.63
19820209,113.68
19820210,114.66
19820211,114.43
19820212,114.38
19820216,114.06
19820217,113.69
19820218,113.82
19820219,113.22
19820222,111.59
19820223,111.51
19820224,113.47
19820225,113.21
19820226,113.11
19820301,113.31
19820302,112.68
19820303,110.92
19820304,109.88
19820305,109.34
19820308,107.34
19820309,108.83
19820310,109.41
19820311,109.36
19820312,108.61
19820315,109.45
19820316,109.28
19820317,109.08
19820318,110.30
19820319,110.61
19820322,112.77
19820323,113.55
19820324,112.97
19820325,113.21
19820326,111.94
19820329,112.30
19820330,112.27
19820331,111.96
19820401,113.79
19820402,115.12
19820405,114.73
19820406,115.36
19820407,115.46
19820408,116.22
19820412,116.00
19820413,115.99
19820414,115.83
19820415,116.35
19820416,116.81
19820419,116.70
19820420,115.44
19820421,115.72
19820422,117.19
19820423,118.64
19820426,119.26
19820427,118.00
19820428,117.26
19820429,116.13
19820430,116.44
19820503,116.81
19820504,117.46
19820505,117.67
19820506,118.68
19820507,119.47
19820510,118.38
19820511,119.42
19820512,119.17
19820513,118.22
19820514,118.01
19820517,116.71
19820518,115.84
19820519,114.89
19820520,114.59
19820521,114.89
19820524,114.79
19820525,114.40
19820526,113.11
19820527,112.66
19820528,111.88
19820601,111.68
19820602,112.04
19820603,111.86
19820604,110.09
19820607,110.12
19820608,109.63
19820609,108.99
19820610,109.61
19820611,111.24
19820614,109.96
19820615,109.69
19820616,108.87
19820617,107.60
19820618,107.28
19820621,107.20
19820622,108.30
19820623,110.14
19820624,109.83
19820625,109.14
19820628,110.26
19820629,110.21
19820630,109.61
19820701,108.71
19820702,107.65
19820706,107.29
19820707,107.22
19820708,107.53
19820709,108.83
19820712,109.57
19820713,109.45
19820714,110.44
19820715,110.47
19820716,111.07
19820719,110.73
19820720,111.54
19820721,111.42
19820722,111.47
19820723,111.17
19820726,110.36
19820727,109.43
19820728,107.73
19820729,107.72
19820730,107.09
19820802,108.98
19820803,107.83
19820804,106.14
19820805,105.16
19820806,103.71
19820809,103.08
19820810,102.84
19820811,102.60
19820812,102.42
19820813,103.85
19820816,104.09
19820817,109.04
19820818,108.53
19820819,109.16
19820820,113.02
19820823,116.11
19820824,115.34
19820825,117.58
19820826,118.55
19820827,117.11
19820830,117.66
19820831,119.51
19820901,118.25
19820902,120.28
19820903,122.68
19820907,121.37
19820908,122.20
19820909,121.97
19820910,120.97
19820913,122.24
19820914,123.10
19820915,124.29
19820916,123.77
19820917,122.55
19820920,122.51
19820921,124.88
19820922,123.99
19820923,123.81
19820924,123.32
19820927,123.62
19820928,123.24
19820929,121.63
19820930,120.42
19821001,121.97
19821004,121.51
19821005,121.98
19821006,125.97
19821007,128.80
19821008,131.05
19821011,134.47
19821012,134.44
19821013,136.71
19821014,134.57
19821015,133.57
19821018,136.73
19821019,136.58
19821020,139.23
19821021,139.06
19821022,138.83
19821025,133.32
19821026,134.48
19821027,135.28
19821028,133.59
19821029,133.71
19821101,135.47
19821102,137.49
19821103,142.87
19821104,141.85
19821105,142.16
19821108,140.44
19821109,143.02
19821110,141.16
19821111,141.76
19821112,139.53
19821115,137.03
19821116,135.42
19821117,137.93
19821118,138.34
19821119,137.02
19821122,134.22
19821123,132.93
19821124,133.88
19821126,134.88
19821129,134.20
19821130,138.54
19821201,138.72
19821202,138.82
19821203,138.69
19821206,141.77
19821207,142.72
19821208,141.81
19821209,140.00
19821210,139.57
19821213,139.95
19821214,137.39
19821215,135.24
19821216,135.30
19821217,137.49
19821220,136.26
19821221,138.61
19821222,138.83
19821223,139.72
19821227,142.18
19821228,140.77
19821229,141.24
19821230,140.33
19821231,140.64
19830103,138.34
19830104,141.35
19830105,141.96
19830106,145.27
19830107,145.18
19830110,146.78
19830111,145.78
19830112,146.69
19830113,145.73
19830114,146.65
19830117,146.71
19830118,146.40
19830119,145.27
19830120,146.29
19830121,143.85
19830124,139.97
19830125,141.75
19830126,141.54
19830127,144.27
19830128,144.51
19830131,145.30
19830201,142.96
19830202,143.23
19830203,144.26
19830204,146.14
19830207,146.93
19830208,145.70
19830209,145.00
19830210,147.50
19830211,147.63
19830214,148.92
19830215,148.30
19830216,147.43
19830217,147.44
19830218,148.00
19830222,145.48
19830223,146.79
19830224,149.60
19830225,149.74
19830228,148.06
19830301,150.88
19830302,152.30
19830303,153.48
19830304,153.67
19830307,153.67
19830308,151.26
19830309,152.87
19830310,151.80
19830311,151.24
19830314,150.83
19830315,151.36
19830316,149.80
19830317,149.59
19830318,149.90
19830321,151.19
19830322,150.66
19830323,152.81
19830324,153.37
19830325,152.67
19830328,151.85
19830329,151.59
19830330,153.39
19830331,152.96
19830404,153.02
19830405,151.89
19830406,151.04
19830407,151.76
19830408,152.85
19830411,155.14
19830412,155.82
19830413,156.77
19830414,158.11
19830415,158.75
19830418,159.74
19830419,158.71
19830420,160.71
19830421,160.05
19830422,160.42
19830425,158.81
19830426,161.81
19830427,161.44
19830428,162.95
19830429,164.42
19830502,162.11
19830503,162.34
19830504,163.31
19830505,164.28
19830506,166.10
19830509,165.81
19830510,165.95
19830511,164.96
19830512,164.25
19830513,164.90
19830516,163.40
19830517,163.71
19830518,163.27
19830519,161.99
19830520,162.14
19830523,163.43
19830524,165.54
19830525,166.21
19830526,165.48
19830527,164.46
19830531,162.39
19830601,162.55
19830602,163.98
19830603,164.42
19830606,164.83
19830607,162.77
19830608,161.36
19830609,161.83
19830610,162.68
19830613,164.84
19830614,165.53
19830615,167.12
19830616,169.14
19830617,169.13
19830620,169.02
19830621,170.53
19830622,170.99
19830623,170.57
19830624,170.40
19830627,168.46
19830628,165.68
19830629,166.64
19830630,168.11
19830701,168.91
19830705,166.60
19830706,168.48
19830707,167.56
19830708,167.08
19830711,168.11
19830712,165.53
19830713,165.46
19830714,166.01
19830715,164.29
19830718,163.95
19830719,164.83
19830720,169.29
19830721,169.06
19830722,168.89
19830725,169.53
19830726,170.35
19830727,167.59
19830728,165.04
19830729,162.56
19830801,162.04
19830802,162.01
19830803,163.44
19830804,161.33
19830805,161.74
19830808,159.18
19830809,160.13
19830810,161.54
19830811,161.55
19830812,162.16
19830815,163.71
19830816,163.41
19830817,165.29
19830818,163.55
19830819,163.98
19830822,164.34
19830823,162.77
19830824,161.25
19830825,160.84
19830826,162.14
19830829,162.25
19830830,162.58
19830831,164.40
19830901,164.23
19830902,165.00
19830906,167.89
19830907,167.96
19830908,167.77
19830909,166.92
19830912,165.48
19830913,164.80
19830914,165.36
19830915,164.38
19830916,166.24
19830919,167.62
19830920,169.25
19830921,168.41
19830922,169.76
19830923,169.51
19830926,170.07
19830927,168.43
19830928,168.01
19830929,167.23
19830930,166.07
19831003,165.80
19831004,166.27
19831005,167.74
19831006,170.28
19831007,170.80
19831010,172.65
19831011,170.34
19831012,169.63
19831013,169.88
19831014,169.86
19831017,170.43
19831018,167.81
19831019,166.73
19831020,166.98
19831021,165.95
19831024,165.99
19831025,166.47
19831026,165.38
19831027,164.84
19831028,163.37
19831031,163.55
19831101,163.64
19831102,164.84
19831103,163.45
19831104,162.44
19831107,161.91
19831108,161.76
19831109,163.97
19831110,164.41
19831111,166.29
19831114,166.58
19831115,165.36
19831116,166.08
19831117,166.13
19831118,165.09
19831121,166.05
19831122,166.84
19831123,166.96
19831125,167.18
19831128,166.54
19831129,167.91
19831130,166.40
19831201,166.49
19831202,165.44
19831205,165.77
19831206,165.47
19831207,165.91
19831208,165.20
19831209,165.09
19831212,165.62
19831213,164.93
19831214,163.33
19831215,161.67
19831216,162.39
19831219,162.32
19831220,162.00
19831221,163.56
19831222,163.27
19831223,163.22
19831227,164.76
19831228,165.34
19831229,164.86
19831230,164.93
19840103,164.04
19840104,166.78
19840105,168.81
19840106,169.28
19840109,168.90
19840110,167.95
19840111,167.79
19840112,167.75
19840113,167.02
19840116,167.18
19840117,167.83
19840118,167.55
19840119,167.04
19840120,166.21
19840123,164.87
19840124,165.94
19840125,164.84
19840126,164.24
19840127,163.94
19840130,162.87
19840131,163.41
19840201,162.74
19840202,163.36
19840203,160.91
19840206,158.08
19840207,158.74
19840208,155.85
19840209,155.42
19840210,156.30
19840213,154.95
19840214,156.61
19840215,156.25
19840216,156.13
19840217,155.74
19840221,154.64
19840222,154.31
19840223,154.29
19840224,157.51
19840227,159.30
19840228,156.82
19840229,157.06
19840301,158.19
19840302,159.24
19840305,157.89
19840306,156.25
19840307,154.57
19840308,155.19
19840309,154.35
19840312,156.34
19840313,156.78
19840314,156.77
19840315,157.41
19840316,159.27
19840319,157.78
19840320,158.86
19840321,158.66
19840322,156.69
19840323,156.86
19840326,156.67
19840327,157.30
19840328,159.88
19840329,159.52
19840330,159.18
19840402,157.98
19840403,157.66
19840404,157.54
19840405,155.04
19840406,155.48
19840409,155.45
19840410,155.87
19840411,155.00
19840412,157.73
19840413,157.31
19840416,158.32
19840417,158.97
19840418,157.90
19840419,158.02
19840423,156.80
19840424,158.07
19840425,158.65
19840426,160.30
19840427,159.89
19840430,160.05
19840501,161.68
19840502,161.90
19840503,161.20
19840504,159.11
19840507,159.47
19840508,160.52
19840509,160.11
19840510,160.00
19840511,158.49
19840514,157.50
19840515,158.00
19840516,157.99
19840517,156.57
19840518,155.78
19840521,154.73
19840522,153.88
19840523,153.15
19840524,151.23
19840525,151.62
19840529,150.29
19840530,150.35
19840531,150.55
19840601,153.24
19840604,154.34
19840605,153.65
19840606,155.01
19840607,154.92
19840608,155.17
19840611,153.06
19840612,152.19
19840613,152.13
19840614,150.39
19840615,149.03
19840618,151.73
19840619,152.61
19840620,154.84
19840621,154.51
19840622,154.46
19840625,153.97
19840626,152.71
19840627,151.64
19840628,152.84
19840629,153.18
19840702,153.20
19840703,153.70
19840705,152.76
19840706,152.24
19840709,153.36
19840710,152.89
19840711,150.56
19840712,150.03
19840713,150.88
19840716,151.60
19840717,152.38
19840718,151.40
19840719,150.37
19840720,149.55
19840723,148.95
19840724,147.82
19840725,148.83
19840726,150.08
19840727,151.19
19840730,150.19
19840731,150.66
19840801,154.08
19840802,157.99
19840803,162.35
19840806,162.60
19840807,162.71
19840808,161.75
19840809,165.54
19840810,165.42
19840813,165.43
19840814,164.42
19840815,162.80
19840816,163.77
19840817,164.14
19840820,164.94
19840821,167.83
19840822,167.06
19840823,167.12
19840824,167.51
19840827,166.44
19840828,167.40
19840829,167.10
19840830,166.60
19840831,166.68
19840904,164.88
19840905,164.29
19840906,165.65
19840907,164.37
19840910,164.26
19840911,164.45
19840912,164.68
19840913,167.94
19840914,168.78
19840917,168.87
19840918,167.65
19840919,166.94
19840920,167.47
19840921,165.67
19840924,165.28
19840925,165.62
19840926,166.28
19840927,166.96
19840928,166.10
19841001,164.62
19841002,163.59
19841003,162.44
19841004,162.92
19841005,162.68
19841008,162.13
19841009,161.67
19841010,162.11
19841011,162.78
19841012,164.18
19841015,165.77
19841016,164.78
19841017,164.14
19841018,168.10
19841019,167.96
19841022,167.36
19841023,167.09
19841024,167.20
19841025,166.31
19841026,165.29
19841029,164.78
19841030,166.84
19841031,166.09
19841101,167.49
19841102,167.42
19841105,168.58
19841106,170.41
19841107,169.17
19841108,168.68
19841109,167.60
19841112,167.36
19841113,165.97
19841114,165.99
19841115,165.89
19841116,164.10
19841119,163.10
19841120,164.18
19841121,164.52
19841123,166.92
19841126,165.55
19841127,166.29
19841128,165.02
19841129,163.91
19841130,163.58
19841203,162.82
19841204,163.38
19841205,162.10
19841206,162.76
19841207,162.26
19841210,162.83
19841211,163.07
19841212,162.63
19841213,161.81
19841214,162.69
19841217,163.61
19841218,168.11
19841219,167.16
19841220,166.38
19841221,165.51
19841224,166.76
19841226,166.47
19841227,165.75
19841228,166.26
19841231,167.24
19850102,165.37
19850103,164.57
19850104,163.68
19850107,164.24
19850108,163.99
19850109,165.18
19850110,168.31
19850111,167.91
19850114,170.51
19850115,170.80
19850116,171.19
19850117,170.73
19850118,171.32
19850121,175.23
19850122,175.48
19850123,177.30
19850124,176.71
19850125,177.35
19850128,177.39
19850129,179.18
19850130,179.39
19850131,179.63
19850201,178.63
19850204,180.35
19850205,180.61
19850206,180.43
19850207,181.82
19850208,182.19
19850211,180.51
19850212,180.56
19850213,183.35
19850214,182.41
19850215,181.60
19850219,181.33
19850220,181.18
19850221,180.19
19850222,179.36
19850225,179.23
19850226,181.17
19850227,180.71
19850228,181.19
19850301,183.23
19850304,182.06
19850305,182.23
19850306,180.65
19850307,179.51
19850308,179.10
19850311,178.79
19850312,179.66
19850313,178.19
19850314,177.84
19850315,176.53
19850318,176.88
19850319,179.54
19850320,179.08
19850321,179.35
19850322,179.04
19850325,177.97
19850326,178.43
19850327,179.54
19850328,179.54
19850329,180.66
19850401,181.27
19850402,180.53
19850403,179.11
19850404,179.03
19850408,178.03
19850409,178.21
19850410,179.42
19850411,180.19
19850412,180.54
19850415,180.92
19850416,181.20
19850417,181.68
19850418,180.84
19850419,181.11
19850422,180.70
19850423,181.88
19850424,182.26
19850425,183.43
19850426,182.18
19850429,180.63
19850430,179.83
19850501,178.37
19850502,179.01
19850503,180.08
19850506,179.99
19850507,180.76
19850508,180.62
19850509,181.92
19850510,184.28
19850513,184.61
19850514,183.87
19850515,184.54
19850516,185.66
19850517,187.42
19850520,189.72
19850521,189.64
19850522,188.56
19850523,187.60
19850524,188.29
19850528,187.86
19850529,187.68
19850530,187.75
19850531,189.55
19850603,189.32
19850604,190.04
19850605,190.16
19850606,191.06
19850607,189.68
19850610,189.51
19850611,189.04
19850612,187.61
19850613,185.33
19850614,187.10
19850617,186.53
19850618,187.34
19850619,186.63
19850620,186.73
19850621,189.61
19850624,189.15
19850625,189.74
19850626,190.06
19850627,191.23
19850628,191.85
19850701,192.43
19850702,192.01
19850703,191.45
19850705,192.52
19850708,191.93
19850709,191.05
19850710,192.37
19850711,192.94
19850712,193.29
19850715,192.72
19850716,194.72
19850717,195.65
19850718,194.38
19850719,195.13
19850722,194.35
19850723,192.55
19850724,191.58
19850725,192.06
19850726,192.40
19850729,189.60
19850730,189.93
19850731,190.92
19850801,192.11
19850802,191.48
19850805,190.62
19850806,187.93
19850807,187.68
19850808,188.95
19850809,188.32
19850812,187.63
19850813,187.30
19850814,187.41
19850815,187.26
19850816,186.10
19850819,186.38
19850820,188.08
19850821,189.16
19850822,187.36
19850823,187.17
19850826,187.31
19850827,188.10
19850828,188.83
19850829,188.93
19850830,188.63
19850903,187.91
19850904,187.37
19850905,187.27
19850906,188.24
19850909,188.25
19850910,186.90
19850911,185.03
19850912,183.69
19850913,182.91
19850916,182.88
19850917,181.36
19850918,181.71
19850919,183.39
19850920,182.05
19850923,184.30
19850924,182.62
19850925,180.66
19850926,181.29
19850930,182.08
19851001,185.07
19851002,184.06
19851003,184.36
19851004,183.22
19851007,181.87
19851008,181.87
19851009,182.52
19851010,182.78
19851011,184.28
19851014,186.37
19851015,186.08
19851016,187.98
19851017,187.66
19851018,187.04
19851021,186.96
19851022,188.04
19851023,189.09
19851024,188.50
19851025,187.52
19851028,187.76
19851029,189.23
19851030,190.07
19851031,189.82
19851101,191.53
19851104,191.25
19851105,192.37
19851106,192.76
19851107,192.62
19851108,193.72
19851111,197.29
19851112,198.08
19851113,197.10
19851114,199.06
19851115,198.11
19851118,198.71
19851119,198.67
19851120,198.99
19851121,201.41
19851122,201.52
19851125,200.35
19851126,200.67
19851127,202.54
19851129,202.17
19851202,200.46
19851203,200.86
19851204,204.23
19851205,203.88
19851206,202.99
19851209,204.25
19851210,204.39
19851211,206.31
19851212,206.73
19851213,209.94
19851216,212.02
19851217,210.65
19851218,209.81
19851219,210.02
19851220,210.94
19851223,208.57
19851224,207.14
19851226,207.65
19851227,209.61
19851230,210.68
19851231,211.28
19860102,209.59
19860103,210.88
19860106,210.65
19860107,213.80
19860108,207.97
19860109,206.11
19860110,205.96
19860113,206.72
19860114,206.64
19860115,208.26
19860116,209.17
19860117,208.43
19860120,207.53
19860121,205.79
19860122,203.49
19860123,204.25
19860124,206.43
19860127,207.39
19860128,209.81
19860129,210.29
19860130,209.33
19860131,211.78
19860203,213.96
19860204,212.79
19860205,212.96
19860206,213.47
19860207,214.56
19860210,216.24
19860211,215.92
19860212,215.97
19860213,217.40
19860214,219.76
19860218,222.45
19860219,219.76
19860220,222.22
19860221,224.62
19860224,224.34
19860225,223.79
19860226,224.04
19860227,226.77
19860228,226.92
19860303,225.42
19860304,224.38
19860305,224.34
19860306,225.13
19860307,225.57
19860310,226.58
19860311,231.69
19860312,232.54
19860313,233.19
19860314,236.55
19860317,234.67
19860318,235.78
19860319,235.60
19860320,236.54
19860321,233.34
19860324,235.33
19860325,234.72
19860326,237.30
19860327,238.97
19860331,238.90
19860401,235.14
19860402,235.71
19860403,232.47
19860404,228.69
19860407,228.63
19860408,233.52
19860409,233.75
19860410,236.44
19860411,235.97
19860414,237.28
19860415,237.73
19860416,242.22
19860417,243.03
19860418,242.38
19860421,244.74
19860422,242.42
19860423,241.75
19860424,242.02
19860425,242.29
19860428,243.08
19860429,240.51
19860430,235.52
19860501,235.16
19860502,234.79
19860505,237.73
19860506,237.24
19860507,236.08
19860508,237.13
19860509,237.85
19860512,237.58
19860513,236.41
19860514,237.54
19860515,234.43
19860516,232.76
19860519,233.20
19860520,236.11
19860521,235.45
19860522,240.12
19860523,241.35
19860527,244.75
19860528,246.63
19860529,247.98
19860530,247.35
19860602,245.04
19860603,245.51
19860604,243.94
19860605,245.65
19860606,245.67
19860609,239.96
19860610,239.58
19860611,241.13
19860612,241.49
19860613,245.73
19860616,246.13
19860617,244.35
19860618,244.99
19860619,244.06
19860620,247.58
19860623,245.26
19860624,247.03
19860625,248.93
19860626,248.74
19860627,249.60
19860630,250.84
19860701,252.04
19860702,252.70
19860703,251.79
19860707,244.05
19860708,241.59
19860709,242.82
19860710,243.01
19860711,242.22
19860714,238.11
19860715,233.66
19860716,235.01
19860717,236.07
19860718,236.36
19860721,236.24
19860722,238.18
19860723,238.67
19860724,237.95
19860725,240.22
19860728,236.01
19860729,234.55
19860730,236.59
19860731,236.12
19860801,234.91
19860804,235.99
19860805,237.03
19860806,236.84
19860807,237.04
19860808,236.88
19860811,240.68
19860812,243.34
19860813,245.67
19860814,246.25
19860815,247.15
19860818,247.38
19860819,246.51
19860820,249.77
19860821,249.67
19860822,250.19
19860825,247.81
19860826,252.84
19860827,253.30
19860828,252.84
19860829,252.93
19860902,248.52
19860903,250.08
19860904,253.83
19860905,250.47
19860908,248.14
19860909,247.67
19860910,247.06
19860911,235.18
19860912,230.67
19860915,231.94
19860916,231.72
19860917,231.68
19860918,232.31
19860919,232.21
19860922,234.93
19860923,235.67
19860924,236.28
19860925,231.83
19860926,232.23
19860929,229.91
19860930,231.32
19861001,233.60
19861002,233.92
19861003,233.71
19861006,234.78
19861007,234.41
19861008,236.68
19861009,235.85
19861010,235.48
19861013,235.91
19861014,235.37
19861015,238.80
19861016,239.53
19861017,238.84
19861020,235.97
19861021,235.88
19861022,236.26
19861023,239.28
19861024,238.26
19861027,238.77
19861028,239.26
19861029,240.94
19861030,243.71
19861031,243.98
19861103,245.80
19861104,246.20
19861105,246.58
19861106,245.87
19861107,245.77
19861110,246.13
19861111,247.08
19861112,246.64
19861113,243.02
19861114,244.50
19861117,243.21
19861118,236.78
19861119,237.66
19861120,242.05
19861121,245.86
19861124,247.45
19861125,248.17
19861126,248.77
19861128,249.22
19861201,249.05
19861202,254.00
19861203,253.85
19861204,253.04
19861205,251.17
19861208,251.16
19861209,249.28
19861210,250.96
19861211,248.17
19861212,247.35
19861215,248.21
19861216,250.04
19861217,247.56
19861218,246.78
19861219,249.73
19861222,248.75
19861223,246.34
19861224,246.75
19861226,246.92
19861229,244.67
19861230,243.37
19861231,242.17
19870102,246.45
19870105,252.19
19870106,252.78
19870107,255.33
19870108,257.28
19870109,258.73
19870112,260.30
19870113,259.95
19870114,262.64
19870115,265.49
19870116,266.28
19870119,269.34
19870120,269.04
19870121,267.84
19870122,273.91
19870123,270.10
19870126,269.61
19870127,273.75
19870128,275.40
19870129,274.24
19870130,274.08
19870202,276.45
19870203,275.99
19870204,279.64
19870205,281.16
19870206,280.04
19870209,278.16
19870210,275.07
19870211,277.54
19870212,275.62
19870213,279.70
19870217,285.49
19870218,285.42
19870219,285.57
19870220,285.48
19870223,282.38
19870224,282.88
19870225,284.00
19870226,282.96
19870227,284.20
19870302,283.00
19870303,284.12
19870304,288.62
19870305,290.52
19870306,290.66
19870309,288.30
19870310,290.86
19870311,290.31
19870312,291.22
19870313,289.89
19870316,288.23
19870317,292.47
19870318,292.78
19870319,294.08
19870320,298.17
19870323,301.16
19870324,301.64
19870325,300.38
19870326,300.93
19870327,296.13
19870330,289.20
19870331,291.70
19870401,292.39
19870402,293.63
19870403,300.41
19870406,301.95
19870407,296.69
19870408,297.26
19870409,292.86
19870410,292.49
19870413,285.62
19870414,279.16
19870415,284.44
19870416,286.91
19870420,286.09
19870421,293.07
19870422,287.19
19870423,286.82
19870424,281.52
19870427,281.83
19870428,282.51
19870429,284.57
19870430,288.36
19870501,288.03
19870504,289.36
19870505,295.34
19870506,295.47
19870507,294.71
19870508,293.37
19870511,291.57
19870512,293.30
19870513,293.98
19870514,294.24
19870515,287.43
19870518,286.65
19870519,279.62
19870520,278.21
19870521,280.17
19870522,282.16
19870526,289.11
19870527,288.73
19870528,290.76
19870529,290.10
19870601,289.83
19870602,288.46
19870603,293.47
19870604,295.09
19870605,293.45
19870608,296.72
19870609,297.28
19870610,297.47
19870611,298.73
19870612,301.62
19870615,303.14
19870616,304.76
19870617,304.81
19870618,305.69
19870619,306.97
19870622,309.65
19870623,308.43
19870624,306.86
19870625,308.96
19870626,307.16
19870629,307.90
19870630,304.00
19870701,302.94
19870702,305.63
19870706,304.92
19870707,307.40
19870708,308.29
19870709,307.52
19870710,308.39
19870713,307.63
19870714,310.68
19870715,310.42
19870716,312.70
19870717,314.59
19870720,311.39
19870721,308.55
19870722,308.47
19870723,307.81
19870724,309.27
19870727,310.65
19870728,312.33
19870729,315.65
19870730,318.05
19870731,318.66
19870803,317.57
19870804,316.23
19870805,318.45
19870806,322.09
19870807,323.00
19870810,328.00
19870811,333.33
19870812,332.39
19870813,334.65
19870814,333.99
19870817,334.11
19870818,329.25
19870819,329.83
19870820,334.84
19870821,335.90
19870824,333.33
19870825,336.77
19870826,334.57
19870827,331.38
19870828,327.04
19870831,329.80
19870901,323.40
19870902,321.68
19870903,320.21
19870904,316.70
19870908,313.56
19870909,313.92
19870910,317.13
19870911,321.98
19870914,323.08
19870915,317.74
19870916,314.86
19870917,314.93
19870918,314.86
19870921,310.54
19870922,319.50
19870923,321.19
19870924,319.72
19870925,320.16
19870928,323.20
19870929,321.69
19870930,321.83
19871001,327.33
19871002,328.07
19871005,328.08
19871006,319.22
19871007,318.54
19871008,314.16
19871009,311.07
19871012,309.39
19871013,314.52
19871014,305.23
19871015,298.08
19871016,282.70
19871019,224.84
19871020,236.83
19871021,258.38
19871022,248.25
19871023,248.22
19871026,227.67
19871027,233.19
19871028,233.28
19871029,244.77
19871030,251.79
19871102,255.75
19871103,250.82
19871104,248.96
19871105,254.48
19871106,250.41
19871109,243.17
19871110,239.00
19871111,241.90
19871112,248.52
19871113,245.64
19871116,246.76
19871117,243.04
19871118,245.55
19871119,240.05
19871120,242.00
19871123,242.99
19871124,246.39
19871125,244.10
19871127,240.34
19871130,230.30
19871201,232.00
19871202,233.45
19871203,225.21
19871204,223.92
19871207,228.76
19871208,234.91
19871209,238.89
19871210,233.57
19871211,235.32
19871214,242.19
19871215,242.80
19871216,248.08
19871217,242.98
19871218,249.16
19871221,249.54
19871222,249.95
19871223,253.16
19871224,252.02
19871228,245.57
19871229,244.59
19871230,247.86
19871231,247.08
19880104,255.94
19880105,258.63
19880106,258.89
19880107,261.07
19880108,243.40
19880111,247.49
19880112,245.42
19880113,245.81
19880114,245.88
19880115,252.05
19880118,251.88
19880119,249.32
19880120,242.63
19880121,243.14
19880122,246.50
19880125,252.17
19880126,249.57
19880127,249.38
19880128,253.29
19880129,257.07
19880201,255.04
19880202,255.57
19880203,252.21
19880204,252.21
19880205,250.96
19880208,249.10
19880209,251.72
19880210,256.66
19880211,255.95
19880212,257.63
19880216,259.83
19880217,259.21
19880218,257.91
19880219,261.61
19880222,265.64
19880223,265.02
19880224,264.43
19880225,261.58
19880226,262.46
19880229,267.82
19880301,267.22
19880302,267.98
19880303,267.88
19880304,267.30
19880307,267.38
19880308,269.43
19880309,269.06
19880310,263.84
19880311,264.94
19880314,266.37
19880315,266.13
19880316,268.65
19880317,271.22
19880318,271.12
19880321,268.74
19880322,268.84
19880323,268.91
19880324,263.35
19880325,258.51
19880328,258.06
19880329,260.07
19880330,258.07
19880331,258.89
19880404,256.09
19880405,258.51
19880406,265.49
19880407,266.16
19880408,269.43
19880411,270.16
19880412,271.37
19880413,271.57
19880414,259.75
19880415,259.77
19880418,259.21
19880419,257.92
19880420,256.13
19880421,256.42
19880422,260.14
19880425,262.46
19880426,263.93
19880427,263.80
19880428,262.61
19880429,261.33
19880502,261.56
19880503,263.00
19880504,260.32
19880505,258.79
19880506,257.48
19880509,256.54
19880510,257.62
19880511,253.31
19880512,253.85
19880513,256.78
19880516,258.71
19880517,255.39
19880518,251.35
19880519,252.57
19880520,253.02
19880523,250.83
19880524,253.51
19880525,253.76
19880526,254.63
19880527,253.42
19880531,262.16
19880601,266.69
19880602,265.33
19880603,266.45
19880606,267.05
19880607,265.17
19880608,271.52
19880609,270.20
19880610,271.26
19880613,271.43
19880614,274.30
19880615,274.45
19880616,269.77
19880617,270.68
19880620,268.94
19880621,271.67
19880622,275.66
19880623,274.82
19880624,273.78
19880627,269.06
19880628,272.31
19880629,270.98
19880630,273.50
19880701,271.78
19880705,275.81
19880706,272.02
19880707,271.78
19880708,270.02
19880711,270.55
19880712,267.85
19880713,269.32
19880714,270.26
19880715,272.05
19880718,270.51
19880719,268.47
19880720,270.00
19880721,266.66
19880722,263.50
19880725,264.68
19880726,265.19
19880727,262.50
19880728,266.02
19880729,272.02
19880801,272.21
19880802,272.06
19880803,272.98
19880804,271.93
19880805,271.15
19880808,269.98
19880809,266.49
19880810,261.90
19880811,262.75
19880812,262.55
19880815,258.69
19880816,260.56
19880817,260.77
19880818,261.03
19880819,260.24
19880822,256.98
19880823,257.09
19880824,261.13
19880825,259.18
19880826,259.68
19880829,262.33
19880830,262.51
19880831,261.52
19880901,258.35
19880902,264.48
19880906,265.59
19880907,265.87
19880908,265.88
19880909,266.84
19880912,266.47
19880913,267.43
19880914,269.31
19880915,268.13
19880916,270.65
19880919,268.82
19880920,269.73
19880921,270.16
19880922,269.18
19880923,269.76
19880926,268.88
19880927,268.26
19880928,269.08
19880929,272.59
19880930,271.91
19881003,271.38
19881004,270.62
19881005,271.86
19881006,272.39
19881007,278.07
19881010,278.24
19881011,277.93
19881012,273.98
19881013,275.22
19881014,275.50
19881017,276.41
19881018,279.38
19881019,276.97
19881020,282.88
19881021,283.66
19881024,282.28
19881025,282.38
19881026,281.38
19881027,277.28
19881028,278.53
19881031,278.97
19881101,279.06
19881102,279.06
19881103,279.20
19881104,276.31
19881107,273.93
19881108,275.15
19881109,273.33
19881110,273.69
19881111,267.92
19881114,267.72
19881115,268.34
19881116,263.82
19881117,264.60
19881118,266.47
19881121,266.22
19881122,267.21
19881123,269.00
19881125,267.23
19881128,268.64
19881129,270.91
19881130,273.70
19881201,272.49
19881202,271.81
19881205,274.93
19881206,277.59
19881207,278.13
19881208,276.57
19881209,277.03
19881212,276.52
19881213,276.31
19881214,275.31
19881215,274.28
19881216,276.29
19881219,278.91
19881220,277.47
19881221,277.38
19881222,276.87
19881223,277.87
19881227,276.83
19881228,277.08
19881229,279.40
19881230,277.72
19890103,275.31
19890104,279.43
19890105,280.01
19890106,280.67
19890109,280.98
19890110,280.38
19890111,282.01
19890112,283.17
19890113,283.87
19890116,284.14
19890117,283.55
19890118,286.53
19890119,286.90
19890120,286.63
19890123,284.50
19890124,288.49
19890125,289.14
19890126,291.69
19890127,293.82
19890130,294.99
19890131,297.47
19890201,297.09
19890202,296.84
19890203,296.97
19890206,296.04
19890207,299.63
19890208,298.65
19890209,296.06
19890210,292.02
19890213,292.54
19890214,291.81
19890215,294.24
19890216,294.81
19890217,296.76
19890221,295.98
19890222,290.91
19890223,292.05
19890224,287.13
19890227,287.82
19890228,288.86
19890301,287.11
19890302,289.95
19890303,291.18
19890306,294.81
19890307,293.87
19890308,294.08
19890309,293.93
19890310,292.88
19890313,295.32
19890314,295.14
19890315,296.67
19890316,299.44
19890317,292.69
19890320,289.92
19890321,291.33
19890322,290.49
19890323,288.98
19890327,290.57
19890328,291.59
19890329,292.35
19890330,292.52
19890331,294.87
19890403,296.39
19890404,295.31
19890405,296.24
19890406,295.29
19890407,297.16
19890410,297.11
19890411,298.49
19890412,298.99
19890413,296.40
19890414,301.36
19890417,301.72
19890418,306.02
19890419,307.15
19890420,306.19
19890421,309.61
19890424,308.69
19890425,306.75
19890426,306.93
19890427,309.58
19890428,309.64
19890501,309.12
19890502,308.12
19890503,308.16
19890504,307.77
19890505,307.61
19890508,306.00
19890509,305.19
19890510,305.80
19890511,306.95
19890512,313.84
19890515,316.16
19890516,315.28
19890517,317.48
19890518,317.97
19890519,321.24
19890522,321.98
19890523,318.32
19890524,319.14
19890525,319.17
19890526,321.59
19890530,319.05
19890531,320.52
19890601,321.97
19890602,325.52
19890605,322.03
19890606,324.24
19890607,326.95
19890608,326.75
19890609,326.69
19890612,326.24
19890613,323.91
19890614,323.83
19890615,320.08
19890616,321.35
19890619,321.89
19890620,321.25
19890621,320.48
19890622,322.32
19890623,328.00
19890626,326.60
19890627,328.44
19890628,325.81
19890629,319.68
19890630,317.98
19890703,319.23
19890705,320.64
19890706,321.55
19890707,324.91
19890710,327.07
19890711,328.78
19890712,329.81
19890713,329.95
19890714,331.84
19890717,332.44
19890718,331.35
19890719,335.73
19890720,333.51
19890721,335.90
19890724,333.67
19890725,333.88
19890726,338.05
19890727,341.99
19890728,342.15
19890731,346.08
19890801,343.75
19890802,344.34
19890803,344.74
19890804,343.92
19890807,349.41
19890808,349.35
19890809,346.94
19890810,348.25
19890811,344.74
19890814,343.06
19890815,344.71
19890816,345.66
19890817,344.45
19890818,346.03
19890821,340.67
19890822,341.19
19890823,344.70
19890824,351.52
19890825,350.52
19890828,352.09
19890829,349.84
19890830,350.65
19890831,351.45
19890901,353.73
19890905,352.56
19890906,349.24
19890907,348.35
19890908,348.76
19890911,347.66
19890912,348.70
19890913,345.46
19890914,343.16
19890915,345.06
19890918,346.73
19890919,346.55
19890920,346.47
19890921,345.70
19890922,347.05
19890925,344.23
19890926,344.33
19890927,345.10
19890928,348.60
19890929,349.15
19891002,350.87
19891003,354.71
19891004,356.94
19891005,356.97
19891006,358.78
19891009,359.80
19891010,359.13
19891011,356.99
19891012,355.39
19891013,333.62
19891016,342.85
19891017,341.16
19891018,341.76
19891019,347.13
19891020,347.16
19891023,344.83
19891024,343.70
19891025,342.50
19891026,337.93
19891027,335.06
19891030,335.07
19891031,340.36
19891101,341.20
19891102,338.48
19891103,337.62
19891106,332.61
19891107,334.81
19891108,338.15
19891109,336.57
19891110,339.10
19891113,339.55
19891114,337.99
19891115,340.54
19891116,340.58
19891117,341.61
19891120,339.35
19891121,339.59
19891122,341.91
19891124,343.97
19891127,345.61
19891128,345.77
19891129,343.60
19891130,345.99
19891201,350.63
19891204,351.41
19891205,349.58
19891206,348.55
19891207,347.59
19891208,348.69
19891211,348.56
19891212,351.73
19891213,352.75
19891214,350.93
19891215,350.06
19891218,343.69
19891219,342.46
19891220,342.84
19891221,344.78
19891222,347.42
19891226,346.81
19891227,348.81
19891228,350.67
19891229,353.40
19900102,359.69
19900103,358.76
19900104,355.67
19900105,352.20
19900108,353.79
19900109,349.62
19900110,347.31
19900111,348.53
19900112,339.93
19900115,337.00
19900116,340.75
19900117,337.40
19900118,338.19
19900119,339.15
19900122,330.38
19900123,331.61
19900124,330.26
19900125,326.08
19900126,325.80
19900129,325.20
19900130,322.98
19900131,329.08
19900201,328.79
19900202,330.92
19900205,331.85
19900206,329.66
19900207,333.75
19900208,332.96
19900209,333.62
19900212,330.08
19900213,331.02
19900214,332.01
19900215,334.89
19900216,332.72
19900220,327.99
19900221,327.67
19900222,325.70
19900223,324.15
19900226,328.67
19900227,330.26
19900228,331.89
19900301,332.74
19900302,335.54
19900305,333.74
19900306,337.93
19900307,336.95
19900308,340.27
19900309,337.93
19900312,338.67
19900313,336.00
19900314,336.87
19900315,338.07
19900316,341.91
19900319,343.53
19900320,341.57
19900321,339.74
19900322,335.69
19900323,337.22
19900326,337.63
19900327,341.50
19900328,342.00
19900329,340.79
19900330,339.94
19900402,338.70
19900403,343.64
19900404,341.09
19900405,340.73
19900406,340.08
19900409,341.37
19900410,342.07
19900411,341.92
19900412,344.34
19900416,344.74
19900417,344.68
19900418,340.72
19900419,338.09
19900420,335.12
19900423,331.05
19900424,330.36
19900425,332.03
19900426,332.92
19900427,329.11
19900430,330.80
19900501,332.25
19900502,334.48
19900503,335.57
19900504,338.39
19900507,340.53
19900508,342.01
19900509,342.86
19900510,343.82
19900511,352.00
19900514,354.75
19900515,354.28
19900516,354.00
19900517,354.47
19900518,354.64
19900521,358.00
19900522,358.43
19900523,359.29
19900524,358.41
19900525,354.58
19900529,360.65
19900530,360.86
19900531,361.23
19900601,363.16
19900604,367.40
19900605,366.64
19900606,364.96
19900607,363.15
19900608,358.71
19900611,361.63
19900612,366.25
19900613,364.90
19900614,362.90
19900615,362.91
19900618,356.88
19900619,358.47
19900620,359.10
19900621,360.47
19900622,355.43
19900625,352.31
19900626,352.06
19900627,355.14
19900628,357.63
19900629,358.02
19900702,359.54
19900703,360.16
19900705,355.68
19900706,358.42
19900709,359.52
19900710,356.49
19900711,361.23
19900712,365.44
19900713,367.31
19900716,368.95
19900717,367.52
19900718,364.22
19900719,365.32
19900720,361.61
19900723,355.31
19900724,355.79
19900725,357.09
19900726,355.91
19900727,353.44
19900730,355.55
19900731,356.15
19900801,355.52
19900802,351.48
19900803,344.86
19900806,334.43
19900807,334.83
19900808,338.35
19900809,339.94
19900810,335.52
19900813,338.84
19900814,339.39
19900815,340.06
19900816,332.39
19900817,327.83
19900820,328.51
19900821,321.86
19900822,316.55
19900823,307.06
19900824,311.51
19900827,321.44
19900828,321.34
19900829,324.19
19900830,318.71
19900831,322.56
19900904,323.09
19900905,324.39
19900906,320.46
19900907,323.40
19900910,321.63
19900911,321.04
19900912,322.54
19900913,318.65
19900914,316.83
19900917,317.77
19900918,318.60
19900919,316.60
19900920,311.48
19900921,311.32
19900924,304.59
19900925,308.26
19900926,305.06
19900927,300.97
19900928,306.05
19901001,314.94
19901002,315.21
19901003,311.40
19901004,312.69
19901005,311.50
19901008,313.48
19901009,305.10
19901010,300.39
19901011,295.46
19901012,300.03
19901015,303.23
19901016,298.92
19901017,298.76
19901018,305.74
19901019,312.48
19901022,314.76
19901023,312.36
19901024,312.60
19901025,310.17
19901026,304.71
19901029,301.88
19901030,304.06
19901031,304.00
19901101,307.02
19901102,311.85
19901105,314.59
19901106,311.62
19901107,306.01
19901108,307.61
19901109,313.74
19901112,319.48
19901113,317.67
19901114,320.40
19901115,317.02
19901116,317.12
19901119,319.34
19901120,315.31
19901121,316.03
19901123,315.10
19901126,316.51
19901127,318.10
19901128,317.95
19901129,316.42
19901130,322.22
19901203,324.10
19901204,326.35
19901205,329.92
19901206,329.07
19901207,327.75
19901210,328.89
19901211,326.44
19901212,330.19
19901213,329.34
19901214,326.82
19901217,326.02
19901218,330.05
19901219,330.20
19901220,330.12
19901221,331.75
19901224,329.90
19901226,330.85
19901227,328.29
19901228,328.72
19901231,330.22
19910102,326.45
19910103,321.91
19910104,321.00
19910107,315.44
19910108,314.90
19910109,311.49
19910110,314.53
19910111,315.23
19910114,312.49
19910115,313.73
19910116,316.17
19910117,327.97
19910118,332.23
19910121,331.06
19910122,328.31
19910123,330.21
19910124,334.78
19910125,336.07
19910128,336.03
19910129,335.84
19910130,340.91
19910131,343.93
19910201,343.05
19910204,348.34
19910205,351.26
19910206,358.07
19910207,356.52
19910208,359.35
19910211,368.58
19910212,365.50
19910213,369.02
19910214,364.22
19910215,369.06
19910219,369.39
19910220,365.14
19910221,364.97
19910222,365.65
19910225,367.26
19910226,362.81
19910227,367.74
19910228,367.07
19910301,370.47
19910304,369.33
19910305,376.72
19910306,376.17
19910307,375.91
19910308,374.95
19910311,372.96
19910312,370.03
19910313,374.57
19910314,373.50
19910315,373.59
19910318,372.11
19910319,366.59
19910320,367.92
19910321,366.58
19910322,367.48
19910325,369.83
19910326,376.30
19910327,375.35
19910328,375.22
19910401,371.30
19910402,379.50
19910403,378.94
19910404,379.77
19910405,375.36
19910408,378.66
19910409,373.56
19910410,373.15
19910411,377.63
19910412,380.40
19910415,381.19
19910416,387.62
19910417,390.45
19910418,388.46
19910419,384.20
19910422,380.95
19910423,381.76
19910424,382.76
19910425,379.25
19910426,379.02
19910429,373.66
19910430,375.35
19910501,380.29
19910502,380.52
19910503,380.80
19910506,380.08
19910507,377.32
19910508,378.51
19910509,383.25
19910510,375.74
19910513,376.76
19910514,371.62
19910515,368.57
19910516,372.19
19910517,372.39
19910520,372.28
19910521,375.35
19910522,376.19
19910523,374.97
19910524,377.49
19910528,381.94
19910529,382.79
19910530,386.96
19910531,389.83
19910603,388.06
19910604,387.74
19910605,385.09
19910606,383.63
19910607,379.43
19910610,378.57
19910611,381.05
19910612,376.65
19910613,377.63
19910614,382.29
19910617,380.13
19910618,378.59
19910619,375.09
19910620,375.42
19910621,377.75
19910624,370.94
19910625,370.65
19910626,371.59
19910627,374.40
19910628,371.16
19910701,377.92
19910702,377.47
19910703,373.33
19910705,374.08
19910708,377.94
19910709,376.11
19910710,375.74
19910711,376.97
19910712,380.25
19910715,382.39
19910716,381.54
19910717,381.18
19910718,385.37
19910719,384.22
19910722,382.88
19910723,379.42
19910724,378.64
19910725,380.96
19910726,380.93
19910729,383.15
19910730,386.69
19910731,387.81
19910801,387.12
19910802,387.18
19910805,385.06
19910806,390.62
19910807,390.56
19910808,389.32
19910809,387.12
19910812,388.02
19910813,389.62
19910814,389.90
19910815,389.33
19910816,385.58
19910819,376.47
19910820,379.43
19910821,390.59
19910822,391.33
19910823,394.17
19910826,393.85
19910827,393.06
19910828,396.64
19910829,396.47
19910830,395.43
19910903,392.15
19910904,389.97
19910905,389.14
19910906,389.10
19910909,388.57
19910910,384.56
19910911,385.09
19910912,387.34
19910913,383.59
19910916,385.78
19910917,385.50
19910918,386.94
19910919,387.56
19910920,387.92
19910923,385.92
19910924,387.71
19910925,386.88
19910926,386.49
19910927,385.90
19910930,387.86
19911001,389.20
19911002,388.26
19911003,384.47
19911004,381.24
19911007,379.50
19911008,380.67
19911009,376.80
19911010,380.55
19911011,381.45
19911014,386.47
19911015,391.01
19911016,392.80
19911017,391.92
19911018,392.50
19911021,390.02
19911022,387.83
19911023,387.94
19911024,385.07
19911025,384.20
19911028,389.52
19911029,391.48
19911030,392.96
19911031,392.46
19911101,391.32
19911104,390.28
19911105,388.71
19911106,389.97
19911107,393.72
19911108,392.89
19911111,393.12
19911112,396.74
19911113,397.41
19911114,397.15
19911115,382.62
19911118,385.24
19911119,379.42
19911120,378.53
19911121,380.06
19911122,376.14
19911125,375.34
19911126,377.96
19911127,376.55
19911129,375.22
19911202,381.40
19911203,380.96
19911204,380.07
19911205,377.39
19911206,379.10
19911209,378.26
19911210,377.90
19911211,377.70
19911212,381.55
19911213,384.47
19911216,384.46
19911217,382.74
19911218,383.48
19911219,382.52
19911220,387.04
19911223,396.82
19911224,399.33
19911226,404.84
19911227,406.46
19911230,415.14
19911231,417.09
19920102,417.26
19920103,419.34
19920106,417.96
19920107,417.40
19920108,418.10
19920109,417.61
19920110,415.10
19920113,414.34
19920114,420.44
19920115,420.77
19920116,418.21
19920117,418.86
19920120,416.36
19920121,412.64
19920122,418.13
19920123,414.96
19920124,415.48
19920127,414.99
19920128,414.96
19920129,410.34
19920130,411.63
19920131,408.79
19920203,409.53
19920204,413.85
19920205,413.84
19920206,413.82
19920207,411.09
19920210,413.77
19920211,413.76
19920212,417.13
19920213,413.69
19920214,412.48
19920218,407.38
19920219,408.26
19920220,413.90
19920221,411.46
19920224,412.27
19920225,410.45
19920226,415.35
19920227,413.86
19920228,412.70
19920302,412.45
19920303,412.85
19920304,409.33
19920305,406.51
19920306,404.44
19920309,405.21
19920310,406.89
19920311,404.03
19920312,403.89
19920313,405.84
19920316,406.39
19920317,409.58
19920318,409.15
19920319,409.80
19920320,411.30
19920323,409.91
19920324,408.88
19920325,407.52
19920326,407.86
19920327,403.50
19920330,403.00
19920331,403.69
19920401,404.23
19920402,400.50
19920403,401.55
19920406,405.59
19920407,398.06
19920408,394.50
19920409,400.64
19920410,404.29
19920413,406.08
19920414,412.39
19920415,416.28
19920416,416.05
19920420,410.16
19920421,410.26
19920422,409.81
19920423,411.60
19920424,409.02
19920427,408.45
19920428,409.11
19920429,412.02
19920430,414.95
19920501,412.53
19920504,416.91
19920505,416.84
19920506,416.79
19920507,415.85
19920508,416.05
19920511,418.49
19920512,416.29
19920513,416.45
19920514,413.14
19920515,410.09
19920518,412.81
19920519,416.37
19920520,415.39
19920521,412.60
19920522,414.02
19920526,411.41
19920527,412.17
19920528,416.74
19920529,415.35
19920601,417.30
19920602,413.50
19920603,414.59
19920604,413.26
19920605,413.48
19920608,413.36
19920609,410.06
19920610,407.25
19920611,409.05
19920612,409.76
19920615,410.29
19920616,408.32
19920617,402.26
19920618,400.96
19920619,403.67
19920622,403.40
19920623,404.04
19920624,403.83
19920625,403.12
19920626,403.45
19920629,408.94
19920630,408.14
19920701,412.88
19920702,411.77
19920706,413.84
19920707,409.16
19920708,410.28
19920709,414.22
19920710,414.62
19920713,414.87
19920714,417.68
19920715,417.10
19920716,417.54
19920717,415.62
19920720,413.75
19920721,413.76
19920722,410.93
19920723,412.08
19920724,411.60
19920727,411.54
19920728,417.52
19920729,422.23
19920730,423.92
19920731,424.21
19920803,425.09
19920804,424.36
19920805,422.19
19920806,420.59
19920807,418.88
19920810,419.42
19920811,418.90
19920812,417.78
19920813,417.73
19920814,419.91
19920817,420.74
19920818,421.34
19920819,418.18
19920820,418.26
19920821,414.85
19920824,410.72
19920825,411.61
19920826,413.51
19920827,413.53
19920828,414.84
19920831,414.03
19920901,416.07
19920902,417.98
19920903,417.98
19920904,417.08
19920908,414.44
19920909,416.36
19920910,419.95
19920911,419.58
19920914,425.27
19920915,419.77
19920916,419.92
19920917,419.93
19920918,422.93
19920921,422.14
19920922,417.14
19920923,417.44
19920924,418.47
19920925,414.35
19920928,416.62
19920929,416.80
19920930,417.80
19921001,416.29
19921002,410.47
19921005,407.57
19921006,407.18
19921007,404.25
19921008,407.75
19921009,402.66
19921012,407.44
19921013,409.30
19921014,409.37
19921015,409.60
19921016,411.73
19921019,414.98
19921020,415.48
19921021,415.67
19921022,414.90
19921023,414.10
19921026,418.16
19921027,418.49
19921028,420.13
19921029,420.86
19921030,418.68
19921102,422.75
19921103,419.92
19921104,417.11
19921105,418.34
19921106,417.58
19921109,418.59
19921110,418.62
19921111,422.20
19921112,422.87
19921113,422.43
19921116,420.68
19921117,419.27
19921118,422.85
19921119,423.61
19921120,426.65
19921123,425.12
19921124,427.59
19921125,429.19
19921127,430.16
19921130,431.35
19921201,430.78
19921202,429.89
19921203,429.91
19921204,432.06
19921207,435.31
19921208,436.99
19921209,435.65
19921210,434.64
19921211,433.73
19921214,432.84
19921215,432.57
19921216,431.52
19921217,435.43
19921218,441.28
19921221,440.70
19921222,440.31
19921223,439.03
19921224,439.77
19921228,439.15
19921229,437.98
19921230,438.82
19921231,435.71
19930104,435.38
19930105,434.34
19930106,434.52
19930107,430.73
19930108,429.05
19930111,430.95
19930112,431.04
19930113,433.03
19930114,435.94
19930115,437.15
19930118,436.84
19930119,435.13
19930120,433.37
19930121,435.49
19930122,436.11
19930125,440.01
19930126,439.95
19930127,438.11
19930128,438.66
19930129,438.78
19930201,442.52
19930202,442.56
19930203,447.20
19930204,449.56
19930205,448.93
19930208,447.85
19930209,445.33
19930210,446.23
19930211,447.66
19930212,444.58
19930216,433.91
19930217,433.30
19930218,431.90
19930219,434.22
19930222,435.24
19930223,434.80
19930224,440.87
19930225,442.34
19930226,443.38
19930301,442.01
19930302,447.90
19930303,449.26
19930304,447.34
19930305,446.11
19930308,454.71
19930309,454.40
19930310,456.33
19930311,453.72
19930312,449.83
19930315,451.43
19930316,451.37
19930317,448.31
19930318,451.89
19930319,450.18
19930322,448.88
19930323,448.76
19930324,448.07
19930325,450.88
19930326,447.78
19930329,450.77
19930330,451.97
19930331,451.67
19930401,450.30
19930402,441.39
19930405,442.29
19930406,441.16
19930407,442.73
19930408,441.84
19930412,448.37
19930413,449.22
19930414,448.66
19930415,448.40
19930416,448.94
19930419,447.46
19930420,445.10
19930421,443.63
19930422,439.46
19930423,437.03
19930426,433.54
19930427,438.01
19930428,438.02
19930429,438.89
19930430,440.19
19930503,442.46
19930504,444.05
19930505,444.52
19930506,443.26
19930507,442.31
19930510,442.80
19930511,444.36
19930512,444.80
19930513,439.23
19930514,439.56
19930517,440.37
19930518,440.32
19930519,447.57
19930520,450.59
19930521,445.84
19930524,448.00
19930525,448.85
19930526,453.44
19930527,452.41
19930528,450.19
19930601,453.83
19930602,453.85
19930603,452.49
19930604,450.06
19930607,447.69
19930608,444.71
19930609,445.78
19930610,445.38
19930611,447.26
19930614,447.71
19930615,446.27
19930616,447.43
19930617,448.54
19930618,443.68
19930621,446.22
19930622,445.93
19930623,443.19
19930624,446.62
19930625,447.60
19930628,451.85
19930629,450.69
19930630,450.53
19930701,449.02
19930702,445.84
19930706,441.43
19930707,442.83
19930708,448.64
19930709,448.13
19930712,448.98
19930713,448.09
19930714,450.08
19930715,449.22
19930716,445.75
19930719,446.03
19930720,447.31
19930721,447.18
19930722,444.51
19930723,447.10
19930726,449.09
19930727,448.24
19930728,447.19
19930729,450.24
19930730,448.13
19930802,450.15
19930803,449.27
19930804,448.54
19930805,448.13
19930806,448.68
19930809,450.72
19930810,449.45
19930811,450.46
19930812,448.96
19930813,450.14
19930816,452.38
19930817,453.13
19930818,456.04
19930819,456.43
19930820,456.16
19930823,455.23
19930824,459.77
19930825,460.13
19930826,461.04
19930827,460.54
19930830,461.90
19930831,463.56
19930901,463.15
19930902,461.30
19930903,461.34
19930907,458.52
19930908,456.65
19930909,457.50
19930910,461.72
19930913,462.06
19930914,459.90
19930915,461.60
19930916,459.43
19930917,458.83
19930920,455.05
19930921,452.95
19930922,456.20
19930923,457.74
19930924,457.63
19930927,461.80
19930928,461.53
19930929,460.11
19930930,458.93
19931001,461.29
19931004,461.34
19931005,461.20
19931006,460.74
19931007,459.18
19931008,460.31
19931011,460.88
19931012,461.12
19931013,461.49
19931014,466.83
19931015,469.50
19931018,468.45
19931019,466.21
19931020,466.07
19931021,465.36
19931022,463.27
19931025,464.20
19931026,464.30
19931027,464.61
19931028,467.73
19931029,467.83
19931101,469.10
19931102,468.44
19931103,463.02
19931104,457.49
19931105,459.57
19931108,460.21
19931109,460.33
19931110,463.72
19931111,462.64
19931112,465.39
19931115,463.75
19931116,466.74
19931117,464.81
19931118,463.62
19931119,462.60
19931122,459.13
19931123,461.03
19931124,462.36
19931126,463.06
19931129,461.90
19931130,461.79
19931201,461.89
19931202,463.11
19931203,464.89
19931206,466.43
19931207,466.76
19931208,466.29
19931209,464.18
19931210,463.93
19931213,465.70
19931214,463.06
19931215,461.84
19931216,463.34
19931217,466.38
19931220,465.85
19931221,465.30
19931222,467.32
19931223,467.38
19931227,470.54
19931228,470.94
19931229,470.58
19931230,468.64
19931231,466.45
19940103,465.44
19940104,466.89
19940105,467.55
19940106,467.12
19940107,469.90
19940110,475.27
19940111,474.13
19940112,474.17
19940113,472.47
19940114,474.91
19940117,473.30
19940118,474.25
19940119,474.30
19940120,474.98
19940121,474.72
19940124,471.97
19940125,470.92
19940126,473.20
19940127,477.05
19940128,478.70
19940131,481.61
19940201,479.62
19940202,482.00
19940203,480.71
19940204,469.81
19940207,471.76
19940208,471.06
19940209,472.77
19940210,468.93
19940211,470.18
19940214,470.23
19940215,472.52
19940216,472.79
19940217,470.34
19940218,467.69
19940222,471.46
19940223,470.69
19940224,464.26
19940225,466.07
19940228,467.14
19940301,464.44
19940302,464.81
19940303,463.01
19940304,464.74
19940307,466.91
19940308,465.88
19940309,467.06
19940310,463.90
19940311,466.44
19940314,467.39
19940315,467.01
19940316,469.42
19940317,470.90
19940318,471.06
19940321,468.54
19940322,468.80
19940323,468.54
19940324,464.35
19940325,460.58
19940328,460.00
19940329,452.48
19940330,445.55
19940331,445.77
19940404,438.92
19940405,448.29
19940406,448.05
19940407,450.88
19940408,447.10
19940411,449.87
19940412,447.57
19940413,446.26
19940414,446.38
19940415,446.18
19940418,442.46
19940419,442.54
19940420,441.96
19940421,448.73
19940422,447.63
19940425,452.71
19940426,451.87
19940428,449.10
19940429,450.91
19940502,453.02
19940503,453.03
19940504,451.72
19940505,451.38
19940506,447.82
19940509,442.32
19940510,446.01
19940511,441.49
19940512,443.75
19940513,444.14
19940516,444.49
19940517,449.37
19940518,453.69
19940519,456.48
19940520,454.92
19940523,453.20
19940524,454.81
19940525,456.34
19940526,457.06
19940527,457.33
19940531,456.51
19940601,457.63
19940602,457.65
19940603,460.13
19940606,458.88
19940607,458.21
19940608,457.06
19940609,457.86
19940610,458.67
19940613,459.10
19940614,462.37
19940615,460.61
19940616,461.93
19940617,458.45
19940620,455.48
19940621,451.34
19940622,453.09
19940623,449.63
19940624,442.80
19940627,447.31
19940628,446.07
19940629,447.63
19940630,444.27
19940701,446.20
19940705,446.37
19940706,446.13
19940707,448.38
19940708,449.55
19940711,448.06
19940712,447.95
19940713,448.73
19940714,453.41
19940715,454.16
19940718,455.22
19940719,453.86
19940720,451.60
19940721,452.61
19940722,453.11
19940725,454.25
19940726,453.36
19940727,452.57
19940728,454.24
19940729,458.25
19940801,461.01
19940802,460.56
19940803,461.46
19940804,458.40
19940805,457.09
19940808,457.89
19940809,457.92
19940810,460.30
19940811,458.88
19940812,461.95
19940815,461.23
19940816,465.01
19940817,465.17
19940818,463.17
19940819,463.68
19940822,462.31
19940823,464.51
19940824,469.03
19940825,468.08
19940826,473.80
19940829,474.59
19940830,476.07
19940831,475.50
19940901,473.17
19940902,470.99
19940906,471.86
19940907,470.99
19940908,473.14
19940909,468.18
19940912,466.21
19940913,467.52
19940914,468.80
19940915,474.81
19940916,471.19
19940919,470.85
19940920,463.36
19940921,461.46
19940922,461.27
19940923,459.67
19940926,460.82
19940927,462.05
19940928,464.81
19940929,462.23
19940930,462.71
19941003,461.74
19941004,454.59
19941005,453.52
19941006,452.36
19941007,455.10
19941010,459.04
19941011,465.79
19941012,465.47
19941013,467.79
19941014,469.10
19941017,468.96
19941018,467.66
19941019,470.28
19941020,466.85
19941021,464.89
19941024,460.83
19941025,461.52
19941026,462.61
19941027,465.85
19941028,473.77
19941031,472.35
19941101,468.42
19941102,466.51
19941103,467.91
19941104,462.28
19941107,463.06
19941108,465.65
19941109,465.42
19941110,464.35
19941111,462.35
19941114,466.04
19941115,465.03
19941116,465.62
19941117,463.57
19941118,461.47
19941121,458.29
19941122,450.08
19941123,449.93
19941125,452.29
19941128,454.16
19941129,455.17
19941130,453.69
19941201,448.92
19941202,453.30
19941205,453.33
19941206,453.11
19941207,451.23
19941208,445.45
19941209,446.97
19941212,449.47
19941213,450.15
19941214,454.97
19941215,455.35
19941216,458.80
19941219,457.91
19941220,457.10
19941221,459.61
19941222,459.68
19941223,459.83
19941227,462.47
19941228,460.86
19941229,461.17
19941230,459.27
19950103,459.11
19950104,460.71
19950105,460.34
19950106,460.68
19950109,460.83
19950110,461.68
19950111,461.67
19950112,461.64
19950113,465.97
19950116,469.38
19950117,470.05
19950118,469.71
19950119,466.95
19950120,464.78
19950123,465.82
19950124,465.86
19950125,467.44
19950126,468.32
19950127,470.39
19950130,468.51
19950131,470.42
19950201,470.40
19950202,472.79
19950203,478.65
19950206,481.14
19950207,480.81
19950208,481.19
19950209,480.19
19950210,481.46
19950213,481.65
19950214,482.55
19950215,484.54
19950216,485.22
19950217,481.97
19950221,482.72
19950222,485.07
19950223,486.91
19950224,488.26
19950227,483.81
19950228,487.39
19950301,485.65
19950302,485.13
19950303,485.42
19950306,485.63
19950307,482.12
19950308,483.14
19950309,483.16
19950310,489.57
19950313,490.05
19950314,492.89
19950315,491.88
19950316,495.41
19950317,495.52
19950320,496.14
19950321,495.07
19950322,495.67
19950323,495.95
19950324,500.97
19950327,503.20
19950328,503.90
19950329,503.12
19950330,502.22
19950331,500.71
19950403,501.85
19950404,505.24
19950405,505.57
19950406,506.08
19950407,506.42
19950410,507.01
19950411,505.53
19950412,507.17
19950413,509.23
19950417,506.13
19950418,505.37
19950419,504.92
19950420,505.29
19950421,508.49
19950424,512.89
19950425,512.10
19950426,512.66
19950427,513.55
19950428,514.71
19950501,514.26
19950502,514.86
19950503,520.48
19950504,520.54
19950505,520.12
19950508,523.96
19950509,523.56
19950510,524.36
19950511,524.37
19950512,525.55
19950515,527.74
19950516,528.19
19950517,527.07
19950518,519.58
19950519,519.19
19950522,523.65
19950523,528.59
19950524,528.61
19950525,528.59
19950526,523.65
19950530,523.58
19950531,533.40
19950601,533.49
19950602,532.51
19950605,535.60
19950606,535.55
19950607,533.13
19950608,532.35
19950609,527.94
19950612,530.88
19950613,536.05
19950614,536.47
19950615,537.12
19950616,539.83
19950619,545.22
19950620,544.98
19950621,543.98
19950622,551.07
19950623,549.71
19950626,544.13
19950627,542.43
19950628,544.73
19950629,543.87
19950630,544.75
19950703,547.09
19950705,547.26
19950706,553.99
19950707,556.37
19950710,557.19
19950711,554.78
19950712,560.89
19950713,561.00
19950714,559.89
19950717,562.72
19950718,558.46
19950719,550.98
19950720,553.54
19950721,553.62
19950724,556.63
19950725,561.10
19950726,561.61
19950727,565.22
19950728,562.93
19950731,562.06
19950801,559.64
19950802,558.80
19950803,558.75
19950804,558.94
19950807,560.03
19950808,560.39
19950809,559.71
19950810,557.45
19950811,555.11
19950814,559.74
19950815,558.57
19950816,559.97
19950817,559.04
19950818,559.21
19950821,558.11
19950822,559.52
19950823,557.14
19950824,557.46
19950825,560.10
19950828,559.05
19950829,560.00
19950830,560.92
19950831,561.88
19950901,563.84
19950905,569.17
19950906,570.17
19950907,570.29
19950908,572.68
19950911,573.91
19950912,576.51
19950913,578.77
19950914,583.61
19950915,583.35
19950918,582.77
19950919,584.20
19950920,586.77
19950921,583.00
19950922,581.73
19950925,581.81
19950926,581.41
19950927,581.04
19950928,585.87
19950929,584.41
19951002,581.72
19951003,582.34
19951004,581.47
19951005,582.63
19951006,582.49
19951009,578.37
19951010,577.52
19951011,579.46
19951012,583.10
19951013,584.50
19951016,583.03
19951017,586.78
19951018,587.44
19951019,590.65
19951020,587.46
19951023,585.06
19951024,586.56
19951025,582.47
19951026,576.72
19951027,579.70
19951030,583.25
19951031,581.50
19951101,584.22
19951102,589.72
19951103,590.57
19951106,588.46
19951107,586.32
19951108,591.71
19951109,593.26
19951110,592.72
19951113,592.30
19951114,589.29
19951115,593.96
19951116,597.34
19951117,600.07
19951120,596.85
19951121,600.24
19951122,598.40
19951124,599.97
19951127,601.32
19951128,606.45
19951129,607.64
19951130,605.37
19951201,606.98
19951204,613.68
19951205,617.68
19951206,620.18
19951207,616.17
19951208,617.48
19951211,619.52
19951212,618.78
19951213,621.69
19951214,616.92
19951215,616.34
19951218,606.81
19951219,611.93
19951220,605.94
19951221,610.49
19951222,611.95
19951226,614.30
19951227,614.53
19951228,614.12
19951229,615.93
19960102,620.73
19960103,621.32
19960104,617.70
19960105,616.72
19960108,618.46
19960109,609.45
19960110,598.48
19960111,602.69
19960112,601.81
19960115,599.82
19960116,608.44
19960117,606.37
19960118,608.24
19960119,611.83
19960122,613.40
19960123,612.79
19960124,619.96
19960125,617.03
19960126,621.62
19960129,624.22
19960130,630.15
19960131,636.02
19960201,638.46
19960202,635.85
19960205,641.43
19960206,646.33
19960207,649.93
19960208,656.07
19960209,656.37
19960212,661.45
19960213,660.51
19960214,655.58
19960215,651.32
19960216,647.98
19960220,640.65
19960221,648.10
19960222,658.86
19960223,659.08
19960226,650.46
19960227,647.24
19960228,644.75
19960229,640.43
19960301,644.37
19960304,650.81
19960305,655.79
19960306,652.00
19960307,653.65
19960308,633.50
19960311,640.02
19960312,637.09
19960313,638.55
19960314,640.87
19960315,641.43
19960318,652.65
19960319,651.69
19960320,649.98
19960321,649.19
19960322,650.62
19960325,650.04
19960326,652.97
19960327,648.91
19960328,648.94
19960329,645.50
19960401,653.73
19960402,655.26
19960403,655.88
19960404,655.86
19960408,644.24
19960409,642.19
19960410,633.50
19960411,631.18
19960412,636.71
19960415,642.49
19960416,645.00
19960417,641.61
19960418,643.61
19960419,645.07
19960422,647.89
19960423,651.58
19960424,650.17
19960425,652.87
19960426,653.46
19960429,654.16
19960430,654.17
19960501,654.58
19960502,643.38
19960503,641.63
19960506,640.81
19960507,638.26
19960508,644.77
19960509,645.44
19960510,652.09
19960513,661.51
19960514,665.60
19960515,665.42
19960516,664.85
19960517,668.91
19960520,673.15
19960521,672.76
19960522,678.42
19960523,676.00
19960524,678.51
19960528,672.23
19960529,667.93
19960530,671.70
19960531,669.12
19960603,667.68
19960604,672.56
19960605,678.44
19960606,673.03
19960607,673.31
19960610,672.16
19960611,670.97
19960612,669.04
19960613,667.92
19960614,665.85
19960617,665.16
19960618,662.06
19960619,661.96
19960620,662.10
19960621,666.84
19960624,668.85
19960625,668.48
19960626,664.39
19960627,668.55
19960628,670.63
19960701,675.88
19960702,673.61
19960703,672.40
19960705,657.44
19960708,652.54
19960709,654.75
19960710,656.06
19960711,645.67
19960712,646.19
19960715,629.80
19960716,628.37
19960717,634.07
19960718,643.56
19960719,638.73
19960722,633.77
19960723,626.87
19960724,626.65
19960725,631.17
19960726,635.90
19960729,630.91
19960730,635.26
19960731,639.95
19960801,650.02
19960802,662.49
19960805,660.23
19960806,662.38
19960807,664.16
19960808,662.59
19960809,662.10
19960812,665.77
19960813,660.20
19960814,662.05
19960815,662.28
19960816,665.21
19960819,666.58
19960820,665.69
19960821,665.07
19960822,670.68
19960823,667.03
19960826,663.88
19960827,666.40
19960828,664.81
19960829,657.40
19960830,651.99
19960903,654.72
19960904,655.61
19960905,649.44
19960906,655.68
19960909,663.76
19960910,663.81
19960911,667.28
19960912,671.15
19960913,680.54
19960916,683.98
19960917,682.94
19960918,681.47
19960919,683.00
19960920,687.02
19960923,686.48
19960924,685.61
19960925,685.83
19960926,685.86
19960927,686.19
19960930,687.31
19961001,689.08
19961002,694.01
19961003,692.78
19961004,701.46
19961007,703.38
19961008,700.64
19961009,696.74
19961010,694.61
19961011,700.66
19961014,703.54
19961015,702.57
19961016,704.41
19961017,706.99
19961018,710.82
19961021,709.85
19961022,706.57
19961023,707.27
19961024,702.29
19961025,700.92
19961028,697.26
19961029,701.50
19961030,700.90
19961031,705.27
19961101,703.77
19961104,706.73
19961105,714.14
19961106,724.59
19961107,727.65
19961108,730.82
19961111,731.87
19961112,729.56
19961113,731.13
19961114,735.88
19961115,737.62
19961118,737.02
19961119,742.16
19961120,743.95
19961121,742.75
19961122,748.73
19961125,757.03
19961126,755.96
19961127,755.00
19961129,757.02
19961202,756.56
19961203,748.28
19961204,745.10
19961205,744.38
19961206,739.60
19961209,749.76
19961210,747.54
19961211,740.73
19961212,729.30
19961213,728.64
19961216,720.98
19961217,726.04
19961218,731.54
19961219,745.76
19961220,748.87
19961223,746.92
19961224,751.03
19961226,755.82
19961227,756.79
19961230,753.85
19961231,740.74
19970102,737.01
19970103,748.03
19970106,747.65
19970107,753.23
19970108,748.41
19970109,754.85
19970110,759.50
19970113,759.51
19970114,768.86
19970115,767.20
19970116,769.75
19970117,776.17
19970120,776.70
19970121,782.72
19970122,786.23
19970123,777.56
19970124,770.52
19970127,765.02
19970128,765.02
19970129,772.50
19970130,784.17
19970131,786.16
19970203,786.73
19970204,789.26
19970205,778.28
19970206,780.15
19970207,789.56
19970210,785.43
19970211,789.59
19970212,802.77
19970213,811.82
19970214,808.48
19970218,816.29
19970219,812.49
19970220,802.80
19970221,801.77
19970224,810.28
19970225,812.10
19970226,805.68
19970227,795.07
19970228,790.82
19970303,795.31
19970304,790.95
19970305,801.99
19970306,798.56
19970307,804.97
19970310,813.65
19970311,811.34
19970312,804.26
19970313,789.56
19970314,793.17
19970317,795.71
19970318,789.66
19970319,785.77
19970320,782.65
19970321,784.10
19970324,790.89
19970325,789.07
19970326,790.50
19970327,773.88
19970331,757.12
19970401,759.64
19970402,750.11
19970403,750.32
19970404,757.90
19970407,762.13
19970408,766.12
19970409,760.60
19970410,758.34
19970411,737.65
19970414,743.73
19970415,754.72
19970416,763.53
19970417,761.77
19970418,766.34
19970421,760.37
19970422,774.61
19970423,773.64
19970424,771.18
19970425,765.37
19970428,772.96
19970429,794.05
19970430,801.34
19970501,798.53
19970502,812.97
19970505,830.24
19970506,827.76
19970507,815.62
19970508,820.26
19970509,824.78
19970512,837.66
19970513,833.13
19970514,836.04
19970515,841.88
19970516,829.75
19970519,833.27
19970520,841.66
19970521,839.35
19970522,835.66
19970523,847.03
19970527,849.71
19970528,847.21
19970529,844.08
19970530,848.28
19970602,846.36
19970603,845.48
19970604,840.11
19970605,843.43
19970606,858.01
19970609,862.91
19970610,865.27
19970611,869.57
19970612,883.48
19970613,893.27
19970616,893.90
19970617,894.43
19970618,889.06
19970619,897.99
19970620,898.70
19970623,878.62
19970624,896.34
19970625,888.99
19970626,883.68
19970627,887.30
19970630,885.14
19970701,891.03
19970702,904.03
19970703,916.92
19970707,912.20
19970708,918.75
19970709,907.54
19970710,913.78
19970711,916.68
19970714,918.38
19970715,925.76
19970716,936.59
19970717,931.61
19970718,915.30
19970721,912.94
19970722,933.98
19970723,936.56
19970724,940.28
19970725,938.79
19970728,936.45
19970729,942.29
19970730,952.29
19970731,954.29
19970801,947.14
19970804,950.30
19970805,952.37
19970806,960.32
19970807,951.19
19970808,933.54
19970811,937.00
19970812,926.53
19970813,922.02
19970814,924.77
19970815,900.81
19970818,912.49
19970819,926.01
19970820,939.35
19970821,925.05
19970822,923.54
19970825,920.16
19970826,913.02
19970827,913.70
19970828,903.67
19970829,899.47
19970902,927.58
19970903,927.85
19970904,930.87
19970905,929.05
19970908,931.20
19970909,933.62
19970910,919.03
19970911,912.59
19970912,923.91
19970915,919.77
19970916,945.64
19970917,943.00
19970918,947.29
19970919,950.51
19970922,955.43
19970923,951.93
19970924,944.48
19970925,937.91
19970926,945.22
19970929,953.34
19970930,947.28
19971001,955.41
19971002,960.46
19971003,965.03
19971006,972.69
19971007,983.12
19971008,973.84
19971009,970.62
19971010,966.98
19971013,968.10
19971014,970.28
19971015,965.72
19971016,955.25
19971017,944.16
19971020,955.61
19971021,972.28
19971022,968.49
19971023,950.69
19971024,941.64
19971027,876.98
19971028,921.85
19971029,919.16
19971030,903.68
19971031,914.62
19971103,938.99
19971104,940.76
19971105,942.76
19971106,938.03
19971107,927.51
19971110,921.13
19971111,923.78
19971112,905.96
19971113,916.66
19971114,928.35
19971117,946.20
19971118,938.23
19971119,944.59
19971120,958.98
19971121,963.09
19971124,946.67
19971125,950.82
19971126,951.64
19971128,955.40
19971201,974.77
19971202,971.68
19971203,976.77
19971204,973.10
19971205,983.79
19971208,982.37
19971209,975.78
19971210,969.79
19971211,954.94
19971212,953.39
19971215,963.39
19971216,968.04
19971217,965.54
19971218,955.30
19971219,946.78
19971222,953.70
19971223,939.12
19971224,932.70
19971226,936.46
19971229,953.36
19971230,970.84
19971231,970.43
19980102,975.04
19980105,977.07
19980106,966.58
19980107,964.00
19980108,956.04
19980109,927.69
19980112,939.21
19980113,952.12
19980114,957.94
19980115,950.73
19980116,961.51
19980120,978.60
19980121,970.81
19980122,963.04
19980123,957.58
19980126,956.95
19980127,969.02
19980128,977.46
19980129,985.49
19980130,980.28
19980202,1001.27
19980203,1005.99
19980204,1006.90
19980205,1003.54
19980206,1012.46
19980209,1010.74
19980210,1019.01
19980211,1020.01
19980212,1024.14
19980213,1020.09
19980217,1022.76
19980218,1032.08
19980219,1028.28
19980220,1034.21
19980223,1038.14
19980224,1030.56
19980225,1042.90
19980226,1048.67
19980227,1049.34
19980302,1047.70
19980303,1052.02
19980304,1047.33
19980305,1035.04
19980306,1055.69
19980309,1052.31
19980310,1064.25
19980311,1068.47
19980312,1069.92
19980313,1068.61
19980316,1079.27
19980317,1080.45
19980318,1085.52
19980319,1089.74
19980320,1099.16
19980323,1095.55
19980324,1105.65
19980325,1101.92
19980326,1100.80
19980327,1095.44
19980330,1093.55
19980331,1101.75
19980401,1108.15
19980402,1120.01
19980403,1122.70
19980406,1121.39
19980407,1109.55
19980408,1101.65
19980409,1110.67
19980413,1109.69
19980414,1115.75
19980415,1119.32
19980416,1108.17
19980417,1122.72
19980420,1123.65
19980421,1126.67
19980422,1130.54
19980423,1119.58
19980424,1107.90
19980427,1086.54
19980428,1085.11
19980429,1094.62
19980430,1111.75
19980501,1121.00
19980504,1122.07
19980505,1115.50
19980506,1104.92
19980507,1095.14
19980508,1108.14
19980511,1106.64
19980512,1115.79
19980513,1118.86
19980514,1117.37
19980515,1108.73
19980518,1105.82
19980519,1109.52
19980520,1119.06
19980521,1114.64
19980522,1110.47
19980526,1094.02
19980527,1092.23
19980528,1097.59
19980529,1090.82
19980601,1090.98
19980602,1093.22
19980603,1082.73
19980604,1094.83
19980605,1113.86
19980608,1115.72
19980609,1118.41
19980610,1112.28
19980611,1094.58
19980612,1098.84
19980615,1077.01
19980616,1087.59
19980617,1107.10
19980618,1106.37
19980619,1100.65
19980622,1103.21
19980623,1119.49
19980624,1132.88
19980625,1129.28
19980626,1133.20
19980629,1138.49
19980630,1133.84
19980701,1148.56
19980702,1146.42
19980706,1157.31
19980707,1154.66
19980708,1166.37
19980709,1158.56
19980710,1164.33
19980713,1165.19
19980714,1177.58
19980715,1174.81
19980716,1183.99
19980717,1186.75
19980720,1184.10
19980721,1165.07
19980722,1164.08
19980723,1139.75
19980724,1140.80
19980727,1147.27
19980728,1130.24
19980729,1125.21
19980730,1142.95
19980731,1120.67
19980803,1112.44
19980804,1072.12
19980805,1081.43
19980806,1089.63
19980807,1089.45
19980810,1083.14
19980811,1068.98
19980812,1084.22
19980813,1074.91
19980814,1062.75
19980817,1083.67
19980818,1101.20
19980819,1098.06
19980820,1091.60
19980821,1081.18
19980824,1088.14
19980825,1092.86
19980826,1084.19
19980827,1042.59
19980828,1027.14
19980831,957.28
19980901,994.24
19980902,990.48
19980903,982.26
19980904,973.89
19980908,1023.46
19980909,1006.20
19980910,980.19
19980911,1009.06
19980914,1029.72
19980915,1037.68
19980916,1045.48
19980917,1018.87
19980918,1020.09
19980921,1023.89
19980922,1029.63
19980923,1066.09
19980924,1042.72
19980925,1044.75
19980928,1048.69
19980929,1049.02
19980930,1017.01
19981001,986.39
19981002,1002.60
19981005,988.56
19981006,984.59
19981007,970.68
19981008,959.44
19981009,984.39
19981012,997.71
19981013,994.80
19981014,1005.53
19981015,1047.50
19981016,1056.42
19981019,1062.39
19981020,1063.93
19981021,1069.92
19981022,1078.48
19981023,1070.67
19981026,1072.32
19981027,1065.34
19981028,1068.09
19981029,1085.93
19981030,1098.67
19981102,1111.60
19981103,1110.84
19981104,1118.67
19981105,1133.85
19981106,1141.01
19981109,1130.20
19981110,1128.26
19981111,1120.97
19981112,1117.69
19981113,1125.72
19981116,1135.86
19981117,1139.32
19981118,1144.48
19981119,1152.61
19981120,1163.55
19981123,1188.21
19981124,1182.99
19981125,1186.87
19981127,1192.29
19981130,1163.63
19981201,1175.28
19981202,1171.25
19981203,1150.14
19981204,1176.74
19981207,1187.70
19981208,1181.38
19981209,1183.49
19981210,1165.02
19981211,1166.46
19981214,1141.20
19981215,1162.83
19981216,1161.94
19981217,1179.98
19981218,1188.03
19981221,1202.84
19981222,1203.57
19981223,1228.54
19981224,1226.27
19981228,1225.49
19981229,1241.81
19981230,1231.93
19981231,1229.23
19990104,1228.10
19990105,1244.78
19990106,1272.34
19990107,1269.73
19990108,1275.09
19990111,1263.88
19990112,1239.51
19990113,1234.40
19990114,1212.19
19990115,1243.26
19990119,1252.00
19990120,1256.62
19990121,1235.16
19990122,1225.19
19990125,1233.98
19990126,1252.31
19990127,1243.17
19990128,1265.37
19990129,1279.64
19990201,1273.00
19990202,1261.99
19990203,1272.07
19990204,1248.49
19990205,1239.40
19990208,1243.77
19990209,1216.14
19990210,1223.55
19990211,1254.04
19990212,1230.13
19990216,1241.87
19990217,1224.03
19990218,1237.28
19990219,1239.22
19990222,1272.14
19990223,1271.18
19990224,1253.41
19990225,1245.02
19990226,1238.33
19990301,1236.16
19990302,1225.50
19990303,1227.70
19990304,1246.64
19990305,1275.47
19990308,1282.73
19990309,1279.84
19990310,1286.84
19990311,1297.68
19990312,1294.59
19990315,1307.26
19990316,1306.38
19990317,1297.82
19990318,1316.55
19990319,1299.29
19990322,1297.01
19990323,1262.14
19990324,1268.59
19990325,1289.99
19990326,1282.80
19990329,1310.17
19990330,1300.75
19990331,1286.37
19990401,1293.72
19990405,1321.12
19990406,1317.89
19990407,1326.89
19990408,1343.98
19990409,1348.35
19990412,1358.64
19990413,1349.82
19990414,1328.44
19990415,1322.86
19990416,1319.00
19990419,1289.48
19990420,1306.17
19990421,1336.12
19990422,1358.82
19990423,1356.85
19990426,1360.04
19990427,1362.80
19990428,1350.91
19990429,1342.83
19990430,1335.18
19990503,1354.63
19990504,1332.00
19990505,1347.31
19990506,1332.05
19990507,1345.00
19990510,1340.30
19990511,1355.61
19990512,1364.00
19990513,1367.56
19990514,1337.80
19990517,1339.49
19990518,1333.32
19990519,1344.23
19990520,1338.83
19990521,1330.29
19990524,1306.65
19990525,1284.40
19990526,1304.76
19990527,1281.41
19990528,1301.84
19990601,1294.26
19990602,1294.81
19990603,1299.54
19990604,1327.75
19990607,1334.52
19990608,1317.33
19990609,1318.64
19990610,1302.82
19990611,1293.64
19990614,1294.00
19990615,1301.16
19990616,1330.41
19990617,1339.90
19990618,1342.84
19990621,1349.00
19990622,1335.88
19990623,1333.06
19990624,1315.78
19990625,1315.31
19990628,1331.35
19990629,1351.45
19990630,1372.71
19990701,1380.96
19990702,1391.22
19990706,1388.12
19990707,1395.86
19990708,1394.42
19990709,1403.28
19990712,1399.10
19990713,1393.56
19990714,1398.17
19990715,1409.62
19990716,1418.78
19990719,1407.65
19990720,1377.10
19990721,1379.29
19990722,1360.97
19990723,1356.94
19990726,1347.76
19990727,1362.84
19990728,1365.40
19990729,1341.03
19990730,1328.72
19990802,1328.05
19990803,1322.18
19990804,1305.33
19990805,1313.71
19990806,1300.29
19990809,1297.80
19990810,1281.43
19990811,1301.93
19990812,1298.16
19990813,1327.68
19990816,1330.77
19990817,1344.16
19990818,1332.84
19990819,1323.59
19990820,1336.61
19990823,1360.22
19990824,1363.50
19990825,1381.79
19990826,1362.01
19990827,1348.27
19990830,1324.02
19990831,1320.41
19990901,1331.07
19990902,1319.11
19990903,1357.24
19990907,1350.45
19990908,1344.15
19990909,1347.66
19990910,1351.66
19990913,1344.13
19990914,1336.29
19990915,1317.97
19990916,1318.48
19990917,1335.42
19990920,1335.53
19990921,1307.58
19990922,1310.51
19990923,1280.41
19990924,1277.36
19990927,1283.31
19990928,1282.20
19990929,1268.37
19990930,1282.71
19991001,1282.81
19991004,1304.60
19991005,1301.35
19991006,1325.40
19991007,1317.64
19991008,1336.02
19991011,1335.21
19991012,1313.04
19991013,1285.55
19991014,1283.42
19991015,1247.41
19991018,1254.13
19991019,1261.32
19991020,1289.43
19991021,1283.61
19991022,1301.65
19991025,1293.63
19991026,1281.91
19991027,1296.71
19991028,1342.44
19991029,1362.93
19991101,1354.12
19991102,1347.74
19991103,1354.93
19991104,1362.64
19991105,1370.23
19991108,1377.01
19991109,1365.28
19991110,1373.46
19991111,1381.46
19991112,1396.06
19991115,1394.39
19991116,1420.07
19991117,1410.71
19991118,1424.94
19991119,1422.00
19991122,1420.94
19991123,1404.64
19991124,1417.08
19991126,1416.62
19991129,1407.83
19991130,1388.91
19991201,1397.72
19991202,1409.04
19991203,1433.30
19991206,1423.33
19991207,1409.17
19991208,1403.88
19991209,1408.11
19991210,1417.04
19991213,1415.22
19991214,1403.17
19991215,1413.32
19991216,1418.78
19991217,1421.03
19991220,1418.09
19991221,1433.43
19991222,1436.13
19991223,1458.34
19991227,1457.10
19991228,1457.66
19991229,1463.46
19991230,1464.47
19991231,1469.25
20000103,1455.22
20000104,1399.42
20000105,1402.11
20000106,1403.45
20000107,1441.47
20000110,1457.60
20000111,1438.56
20000112,1432.25
20000113,1449.68
20000114,1465.15
20000118,1455.14
20000119,1455.90
20000120,1445.57
20000121,1441.36
20000124,1401.53
20000125,1410.03
20000126,1404.09
20000127,1398.56
20000128,1360.16
20000131,1394.46
20000201,1409.28
20000202,1409.12
20000203,1424.97
20000204,1424.37
20000207,1424.24
20000208,1441.72
20000209,1411.70
20000210,1416.83
20000211,1387.12
20000214,1389.94
20000215,1402.05
20000216,1387.67
20000217,1388.26
20000218,1346.09
20000222,1352.17
20000223,1360.69
20000224,1353.43
20000225,1333.36
20000228,1348.05
20000229,1366.42
20000301,1379.19
20000302,1381.76
20000303,1409.17
20000306,1391.28
20000307,1355.62
20000308,1366.70
20000309,1401.69
20000310,1395.07
20000313,1383.62
20000314,1359.15
20000315,1392.15
20000316,1458.47
20000317,1464.47
20000320,1456.63
20000321,1493.87
20000322,1500.64
20000323,1527.35
20000324,1527.46
20000327,1523.86
20000328,1507.73
20000329,1508.52
20000330,1487.92
20000331,1498.58
20000403,1505.97
20000404,1494.73
20000405,1487.37
20000406,1501.34
20000407,1516.35
20000410,1504.46
20000411,1500.59
20000412,1467.17
20000413,1440.51
20000414,1356.56
20000417,1401.44
20000418,1441.61
20000419,1427.47
20000420,1434.54
20000424,1429.86
20000425,1477.44
20000426,1460.99
20000427,1464.92
20000428,1452.43
20000501,1468.25
20000502,1446.29
20000503,1415.10
20000504,1409.57
20000505,1432.63
20000508,1424.17
20000509,1412.14
20000510,1383.05
20000511,1407.81
20000512,1420.96
20000515,1452.36
20000516,1466.04
20000517,1447.80
20000518,1437.21
20000519,1406.95
20000522,1400.72
20000523,1373.86
20000524,1399.05
20000525,1381.52
20000526,1378.02
20000530,1422.45
20000531,1420.60
20000601,1448.81
20000602,1477.26
20000605,1467.63
20000606,1457.84
20000607,1471.36
20000608,1461.67
20000609,1456.95
20000612,1446.00
20000613,1469.44
20000614,1470.54
20000615,1478.73
20000616,1464.46
20000619,1486.00
20000620,1475.95
20000621,1479.13
20000622,1452.18
20000623,1441.48
20000626,1455.31
20000627,1450.55
20000628,1454.82
20000629,1442.39
20000630,1454.60
20000703,1469.54
20000705,1446.23
20000706,1456.67
20000707,1478.90
20000710,1475.62
20000711,1480.88
20000712,1492.92
20000713,1495.84
20000714,1509.98
20000717,1510.49
20000718,1493.74
20000719,1481.96
20000720,1495.57
20000721,1480.19
20000724,1464.29
20000725,1474.47
20000726,1452.42
20000727,1449.62
20000728,1419.89
20000731,1430.83
20000801,1438.10
20000802,1438.70
20000803,1452.56
20000804,1462.93
20000807,1479.32
20000808,1482.80
20000809,1472.87
20000810,1460.25
20000811,1471.84
20000814,1491.56
20000815,1484.43
20000816,1479.85
20000817,1496.07
20000818,1491.72
20000821,1499.48
20000822,1498.13
20000823,1505.97
20000824,1508.31
20000825,1506.45
20000828,1514.09
20000829,1509.84
20000830,1502.59
20000831,1517.68
20000901,1520.77
20000905,1507.08
20000906,1492.25
20000907,1502.51
20000908,1494.50
20000911,1489.26
20000912,1481.99
20000913,1484.91
20000914,1480.87
20000915,1465.81
20000918,1444.51
20000919,1459.90
20000920,1451.34
20000921,1449.05
20000922,1448.72
20000925,1439.03
20000926,1427.21
20000927,1426.57
20000928,1458.29
20000929,1436.51
20001002,1436.23
20001003,1426.46
20001004,1434.32
20001005,1436.28
20001006,1408.99
20001009,1402.03
20001010,1387.02
20001011,1364.59
20001012,1329.78
20001013,1374.17
20001016,1374.62
20001017,1349.97
20001018,1342.13
20001019,1388.76
20001020,1396.93
20001023,1395.78
20001024,1398.13
20001025,1364.90
20001026,1364.44
20001027,1379.58
20001030,1398.66
20001031,1429.40
20001101,1421.22
20001102,1428.32
20001103,1426.69
20001106,1432.19
20001107,1431.87
20001108,1409.28
20001109,1400.14
20001110,1365.98
20001113,1351.26
20001114,1382.95
20001115,1389.81
20001116,1372.32
20001117,1367.72
20001120,1342.62
20001121,1347.35
20001122,1322.36
20001124,1341.77
20001127,1348.97
20001128,1336.09
20001129,1341.93
20001130,1314.95
20001201,1315.23
20001204,1324.97
20001205,1376.54
20001206,1351.46
20001207,1343.55
20001208,1369.89
20001211,1380.20
20001212,1371.18
20001213,1359.99
20001214,1340.93
20001215,1312.15
20001218,1322.74
20001219,1305.60
20001220,1264.74
20001221,1274.86
20001222,1305.97
20001226,1315.19
20001227,1328.92
20001228,1334.22
20001229,1320.28
20010102,1283.27
20010103,1347.56
20010104,1333.34
20010105,1298.35
20010108,1295.86
20010109,1300.80
20010110,1313.27
20010111,1326.82
20010112,1318.32
20010116,1326.65
20010117,1329.47
20010118,1347.97
20010119,1342.54
20010122,1342.90
20010123,1360.40
20010124,1364.30
20010125,1357.51
20010126,1354.95
20010129,1364.17
20010130,1373.73
20010131,1366.01
20010201,1373.47
20010202,1349.47
20010205,1354.31
20010206,1352.26
20010207,1340.89
20010208,1332.53
20010209,1314.76
20010212,1330.31
20010213,1318.80
20010214,1315.92
20010215,1326.61
20010216,1301.53
20010220,1278.94
20010221,1255.27
20010222,1252.82
20010223,1245.86
20010226,1267.65
20010227,1257.94
20010228,1239.94
20010301,1241.23
20010302,1234.18
20010305,1241.41
20010306,1253.80
20010307,1261.89
20010308,1264.74
20010309,1233.42
20010312,1180.16
20010313,1197.66
20010314,1166.71
20010315,1173.56
20010316,1150.53
20010319,1170.81
20010320,1142.62
20010321,1122.14
20010322,1117.58
20010323,1139.83
20010326,1152.69
20010327,1182.17
20010328,1153.29
20010329,1147.95
20010330,1160.33
20010402,1145.87
20010403,1106.46
20010404,1103.25
20010405,1151.44
20010406,1128.43
20010409,1137.59
20010410,1168.38
20010411,1165.89
20010412,1183.50
20010416,1179.68
20010417,1191.81
20010418,1238.16
20010419,1253.70
20010420,1242.98
20010423,1224.36
20010424,1209.47
20010425,1228.75
20010426,1234.52
20010427,1253.05
20010430,1249.46
20010501,1266.44
20010502,1267.43
20010503,1248.58
20010504,1266.61
20010507,1263.51
20010508,1261.20
20010509,1255.54
20010510,1255.18
20010511,1245.67
20010514,1248.92
20010515,1249.44
20010516,1284.99
20010517,1288.49
20010518,1291.96
20010521,1312.83
20010522,1309.38
20010523,1289.05
20010524,1293.17
20010525,1277.89
20010529,1267.93
20010530,1248.08
20010531,1255.82
20010601,1260.67
20010604,1267.11
20010605,1283.57
20010606,1270.03
20010607,1276.96
20010608,1264.96
20010611,1254.39
20010612,1255.85
20010613,1241.60
20010614,1219.87
20010615,1214.36
20010618,1208.43
20010619,1212.58
20010620,1223.14
20010621,1237.04
20010622,1225.35
20010625,1218.60
20010626,1216.76
20010627,1211.07
20010628,1226.20
20010629,1224.42
20010702,1236.71
20010703,1234.45
20010705,1219.24
20010706,1190.59
20010709,1198.78
20010710,1181.52
20010711,1180.18
20010712,1208.14
20010713,1215.68
20010716,1202.45
20010717,1214.44
20010718,1207.71
20010719,1215.02
20010720,1210.85
20010723,1191.03
20010724,1171.65
20010725,1190.49
20010726,1202.93
20010727,1205.82
20010730,1204.52
20010731,1211.23
20010801,1215.93
20010802,1220.75
20010803,1214.35
20010806,1200.48
20010807,1204.40
20010808,1183.53
20010809,1183.43
20010810,1190.16
20010813,1191.29
20010814,1186.73
20010815,1178.02
20010816,1181.66
20010817,1161.97
20010820,1171.41
20010821,1157.26
20010822,1165.31
20010823,1162.09
20010824,1184.93
20010827,1179.21
20010828,1161.51
20010829,1148.60
20010830,1129.03
20010831,1133.58
20010904,1132.94
20010905,1131.74
20010906,1106.40
20010907,1085.78
20010910,1092.54
20010917,1038.77
20010918,1032.74
20010919,1016.10
20010920,984.54
20010921,965.80
20010924,1003.45
20010925,1012.27
20010926,1007.04
20010927,1018.61
20010928,1040.94
20011001,1038.55
20011002,1051.33
20011003,1072.28
20011004,1069.63
20011005,1071.38
20011008,1062.44
20011009,1056.75
20011010,1080.99
20011011,1097.43
20011012,1091.65
20011015,1089.98
20011016,1097.54
20011017,1077.09
20011018,1068.61
20011019,1073.48
20011022,1089.90
20011023,1084.78
20011024,1085.20
20011025,1100.09
20011026,1104.61
20011029,1078.30
20011030,1059.79
20011031,1059.78
20011101,1084.10
20011102,1087.20
20011105,1102.84
20011106,1118.86
20011107,1115.80
20011108,1118.54
20011109,1120.31
20011112,1118.33
20011113,1139.09
20011114,1141.21
20011115,1142.24
20011116,1138.65
20011119,1151.06
20011120,1142.66
20011121,1137.03
20011123,1150.34
20011126,1157.42
20011127,1149.50
20011128,1128.52
20011129,1140.20
20011130,1139.45
20011203,1129.90
20011204,1144.80
20011205,1170.35
20011206,1167.10
20011207,1158.31
20011210,1139.93
20011211,1136.76
20011212,1137.07
20011213,1119.38
20011214,1123.09
20011217,1134.36
20011218,1142.92
20011219,1149.56
20011220,1139.93
20011221,1144.89
20011224,1144.65
20011226,1149.37
20011227,1157.13
20011228,1161.02
20011231,1148.08
20020102,1154.67
20020103,1165.27
20020104,1172.51
20020107,1164.89
20020108,1160.71
20020109,1155.14
20020110,1156.55
20020111,1145.60
20020114,1138.41
20020115,1146.19
20020116,1127.57
20020117,1138.88
20020118,1127.58
20020122,1119.31
20020123,1128.18
20020124,1132.15
20020125,1133.28
20020128,1133.06
20020129,1100.64
20020130,1113.57
20020131,1130.20
20020201,1122.20
20020204,1094.44
20020205,1090.02
20020206,1083.51
20020207,1080.17
20020208,1096.22
20020211,1111.94
20020212,1107.50
20020213,1118.51
20020214,1116.48
20020215,1104.18
20020219,1083.34
20020220,1097.98
20020221,1080.95
20020222,1089.84
20020225,1109.43
20020226,1109.38
20020227,1109.89
20020228,1106.73
20020301,1131.78
20020304,1153.84
20020305,1146.14
20020306,1162.77
20020307,1157.54
20020308,1164.31
20020311,1168.26
20020312,1165.58
20020313,1154.09
20020314,1153.04
20020315,1166.16
20020318,1165.55
20020319,1170.29
20020320,1151.85
20020321,1153.59
20020322,1148.70
20020325,1131.87
20020326,1138.49
20020327,1144.58
20020328,1147.39
20020401,1146.54
20020402,1136.76
20020403,1125.40
20020404,1126.34
20020405,1122.73
20020408,1125.29
20020409,1117.80
20020410,1130.47
20020411,1103.69
20020412,1111.01
20020415,1102.55
20020416,1128.37
20020417,1126.07
20020418,1124.47
20020419,1125.17
20020422,1107.83
20020423,1100.96
20020424,1093.14
20020425,1091.48
20020426,1076.32
20020429,1065.45
20020430,1076.92
20020501,1086.46
20020502,1084.56
20020503,1073.43
20020506,1052.67
20020507,1049.49
20020508,1088.85
20020509,1073.01
20020510,1054.99
20020513,1074.56
20020514,1097.28
20020515,1091.07
20020516,1098.23
20020517,1106.59
20020520,1091.88
20020521,1079.88
20020522,1086.02
20020523,1097.08
20020524,1083.82
20020528,1074.55
20020529,1067.66
20020530,1064.66
20020531,1067.14
20020603,1040.68
20020604,1040.69
20020605,1049.90
20020606,1029.15
20020607,1027.53
20020610,1030.74
20020611,1013.60
20020612,1020.26
20020613,1009.56
20020614,1007.27
20020617,1036.17
20020618,1037.14
20020619,1019.99
20020620,1006.29
20020621,989.14
20020624,992.72
20020625,976.14
20020626,973.53
20020627,990.64
20020628,989.81
20020701,968.65
20020702,948.09
20020703,953.99
20020705,989.03
20020708,976.98
20020709,952.83
20020710,920.47
20020711,927.37
20020712,921.39
20020715,917.93
20020716,901.05
20020717,906.04
20020718,881.56
20020719,847.76
20020722,819.85
20020723,797.70
20020724,843.42
20020725,838.68
20020726,852.84
20020729,898.96
20020730,902.78
20020731,911.62
20020801,884.66
20020802,864.24
20020805,834.60
20020806,859.57
20020807,876.77
20020808,905.46
20020809,908.64
20020812,903.80
20020813,884.21
20020814,919.62
20020815,930.25
20020816,928.77
20020819,950.72
20020820,937.43
20020821,949.36
20020822,962.70
20020823,940.86
20020826,947.95
20020827,934.82
20020828,917.87
20020829,917.80
20020830,916.07
20020903,878.02
20020904,893.40
20020905,879.15
20020906,893.92
20020909,902.96
20020910,909.58
20020911,909.45
20020912,886.91
20020913,889.81
20020916,891.10
20020917,873.52
20020918,869.46
20020919,843.32
20020920,845.39
20020923,833.70
20020924,819.29
20020925,839.66
20020926,854.95
20020927,827.37
20020930,815.29
20021001,847.91
20021002,827.91
20021003,818.95
20021004,800.58
20021007,785.28
20021008,798.55
20021009,776.76
20021010,803.92
20021011,835.32
20021014,841.44
20021015,881.27
20021016,860.02
20021017,879.20
20021018,884.39
20021021,899.72
20021022,890.16
20021023,896.14
20021024,882.50
20021025,897.65
20021028,890.23
20021029,882.15
20021030,890.71
20021031,885.76
20021101,900.96
20021104,908.34
20021105,915.39
20021106,923.76
20021107,902.65
20021108,894.74
20021111,876.19
20021112,882.95
20021113,882.53
20021114,904.27
20021115,909.83
20021118,900.36
20021119,896.74
20021120,914.15
20021121,933.76
20021122,930.55
20021125,932.88
20021126,913.31
20021127,938.87
20021129,936.31
20021202,934.53
20021203,920.75
20021204,917.57
20021205,906.55
20021206,912.23
20021209,892.00
20021210,904.45
20021211,904.96
20021212,901.59
20021213,889.48
20021216,910.40
20021217,902.99
20021218,891.12
20021219,884.25
20021220,895.75
20021223,897.38
20021224,892.47
20021226,889.66
20021227,875.40
20021230,879.39
20021231,879.82
20030102,909.03
20030103,908.59
20030106,929.01
20030107,922.93
20030108,909.93
20030109,927.58
20030110,927.57
20030113,926.26
20030114,931.66
20030115,918.22
20030116,914.60
20030117,901.78
20030121,887.62
20030122,878.36
20030123,887.34
20030124,861.40
20030127,847.48
20030128,858.54
20030129,864.36
20030130,844.61
20030131,855.70
20030203,860.32
20030204,848.20
20030205,843.59
20030206,838.15
20030207,829.69
20030210,835.97
20030211,829.20
20030212,818.68
20030213,817.37
20030214,834.89
20030218,851.17
20030219,845.13
20030220,837.10
20030221,848.17
20030224,832.58
20030225,838.57
20030226,827.55
20030227,837.28
20030228,841.15
20030303,834.81
20030304,821.99
20030305,829.85
20030306,822.10
20030307,828.89
20030310,807.48
20030311,800.73
20030312,804.19
20030313,831.90
20030314,833.27
20030317,862.79
20030318,866.45
20030319,874.02
20030320,875.67
20030321,895.79
20030324,864.23
20030325,874.74
20030326,869.95
20030327,868.52
20030328,863.50
20030331,848.18
20030401,858.48
20030402,880.90
20030403,876.45
20030404,878.85
20030407,879.93
20030408,878.29
20030409,865.99
20030410,871.58
20030411,868.30
20030414,885.23
20030415,890.81
20030416,879.91
20030417,893.58
20030421,892.01
20030422,911.37
20030423,919.02
20030424,911.43
20030425,898.81
20030428,914.84
20030429,917.84
20030430,916.92
20030501,916.30
20030502,930.08
20030505,926.55
20030506,934.39
20030507,929.62
20030508,920.27
20030509,933.41
20030512,945.11
20030513,942.30
20030514,939.28
20030515,946.67
20030516,944.30
20030519,920.77
20030520,919.73
20030521,923.42
20030522,931.87
20030523,933.22
20030527,951.48
20030528,953.22
20030529,949.64
20030530,963.59
20030602,967.00
20030603,971.56
20030604,986.24
20030605,990.14
20030606,987.76
20030609,975.93
20030610,984.84
20030611,997.48
20030612,998.51
20030613,988.61
20030616,1010.74
20030617,1011.66
20030618,1010.09
20030619,994.70
20030620,995.69
20030623,981.64
20030624,983.44
20030625,975.31
20030626,985.82
20030627,976.22
20030630,974.50
20030701,982.32
20030702,993.76
20030703,985.70
20030707,1004.42
20030708,1007.84
20030709,1002.21
20030710,988.70
20030711,998.14
20030714,1003.86
20030715,1000.42
20030716,994.00
20030717,981.73
20030718,993.32
20030721,978.80
20030722,988.11
20030723,988.61
20030724,981.60
20030725,998.68
20030728,996.52
20030729,989.28
20030730,987.49
20030731,990.31
20030801,980.15
20030804,982.82
20030805,965.46
20030806,967.08
20030807,974.12
20030808,977.59
20030811,980.59
20030812,990.35
20030813,984.03
20030814,990.51
20030815,990.67
20030818,999.74
20030819,1002.35
20030820,1000.30
20030821,1003.27
20030822,993.06
20030825,993.71
20030826,996.73
20030827,996.79
20030828,1002.84
20030829,1008.01
20030902,1021.99
20030903,1026.27
20030904,1027.97
20030905,1021.39
20030908,1031.64
20030909,1023.17
20030910,1010.92
20030911,1016.42
20030912,1018.63
20030915,1014.81
20030916,1029.32
20030917,1025.97
20030918,1039.58
20030919,1036.30
20030922,1022.82
20030923,1029.03
20030924,1009.38
20030925,1003.27
20030926,996.85
20030929,1006.58
20030930,995.97
20031001,1018.22
20031002,1020.24
20031003,1029.85
20031006,1034.35
20031007,1039.25
20031008,1033.78
20031009,1038.73
20031010,1038.06
20031013,1045.35
20031014,1049.48
20031015,1046.76
20031016,1050.07
20031017,1039.32
20031020,1044.68
20031021,1046.03
20031022,1030.36
20031023,1033.77
20031024,1028.91
20031027,1031.13
20031028,1046.79
20031029,1048.11
20031030,1046.94
20031031,1050.71
20031103,1059.02
20031104,1053.25
20031105,1051.81
20031106,1058.05
20031107,1053.21
20031110,1047.11
20031111,1046.57
20031112,1058.56
20031113,1058.41
20031114,1050.35
20031117,1043.63
20031118,1034.15
20031119,1042.44
20031120,1033.65
20031121,1035.28
20031124,1052.08
20031125,1053.89
20031126,1058.45
20031128,1058.20
20031201,1070.12
20031202,1066.62
20031203,1064.73
20031204,1069.72
20031205,1061.50
20031208,1069.30
20031209,1060.18
20031210,1059.05
20031211,1071.21
20031212,1074.14
20031215,1068.04
20031216,1075.13
20031217,1076.48
20031218,1089.18
20031219,1088.67
20031222,1092.94
20031223,1096.02
20031224,1094.04
20031226,1095.89
20031229,1109.48
20031230,1109.64
20031231,1111.92
20040102,1108.48
20040105,1122.22
20040106,1123.67
20040107,1126.33
20040108,1131.92
20040109,1121.86
20040112,1127.23
20040113,1121.22
20040114,1130.52
20040115,1132.05
20040116,1139.83
20040120,1138.77
20040121,1147.62
20040122,1143.94
20040123,1141.55
20040126,1155.37
20040127,1144.05
20040128,1128.48
20040129,1134.11
20040130,1131.13
20040202,1135.26
20040203,1136.03
20040204,1126.52
20040205,1128.59
20040206,1142.76
20040209,1139.81
20040210,1145.54
20040211,1157.76
20040212,1152.11
20040213,1145.81
20040217,1156.99
20040218,1151.82
20040219,1147.06
20040220,1144.11
20040223,1140.99
20040224,1139.09
20040225,1143.67
20040226,1144.91
20040227,1144.94
20040301,1155.96
20040302,1149.10
20040303,1151.04
20040304,1154.88
20040305,1156.87
20040308,1147.21
20040309,1140.58
20040310,1123.89
20040311,1106.78
20040312,1120.57
20040315,1104.49
20040316,1110.70
20040317,1123.75
20040318,1122.32
20040319,1109.78
20040322,1095.40
20040323,1093.95
20040324,1091.33
20040325,1109.19
20040326,1108.06
20040329,1122.47
20040330,1127.00
20040331,1126.21
20040401,1132.17
20040402,1141.81
20040405,1150.57
20040406,1148.16
20040407,1140.53
20040408,1139.32
20040412,1145.20
20040413,1129.44
20040414,1128.17
20040415,1128.84
20040416,1134.61
20040419,1135.82
20040420,1118.15
20040421,1124.09
20040422,1139.93
20040423,1140.60
20040426,1135.53
20040427,1138.11
20040428,1122.41
20040429,1113.89
20040430,1107.30
20040503,1117.49
20040504,1119.55
20040505,1121.53
20040506,1113.99
20040507,1098.70
20040510,1087.12
20040511,1095.45
20040512,1097.28
20040513,1096.44
20040514,1095.70
20040517,1084.10
20040518,1091.49
20040519,1088.68
20040520,1089.19
20040521,1093.56
20040524,1095.41
20040525,1113.05
20040526,1114.94
20040527,1121.28
20040528,1120.68
20040601,1121.20
20040602,1124.99
20040603,1116.64
20040604,1122.50
20040607,1140.42
20040608,1142.18
20040609,1131.33
20040610,1136.47
20040614,1125.29
20040615,1132.01
20040616,1133.56
20040617,1132.05
20040618,1135.02
20040621,1130.30
20040622,1134.41
20040623,1144.06
20040624,1140.65
20040625,1134.43
20040628,1133.35
20040629,1136.20
20040630,1140.84
20040701,1128.94
20040702,1125.38
20040706,1116.21
20040707,1118.33
20040708,1109.11
20040709,1112.81
20040712,1114.35
20040713,1115.14
20040714,1111.47
20040715,1106.69
20040716,1101.39
20040719,1100.90
20040720,1108.67
20040721,1093.88
20040722,1096.84
20040723,1086.20
20040726,1084.06
20040727,1094.83
20040728,1095.42
20040729,1100.43
20040730,1101.72
20040802,1106.62
20040803,1099.69
20040804,1098.63
20040805,1080.70
20040806,1063.97
20040809,1065.22
20040810,1079.04
20040811,1075.79
20040812,1063.23
20040813,1064.80
20040816,1079.34
20040817,1081.71
20040818,1095.17
20040819,1091.23
20040820,1098.35
20040823,1095.68
20040824,1096.19
20040825,1104.96
20040826,1105.09
20040827,1107.77
20040830,1099.15
20040831,1104.24
20040901,1105.91
20040902,1118.31
20040903,1113.63
20040907,1121.30
20040908,1116.27
20040909,1118.38
20040910,1123.92
20040913,1125.82
20040914,1128.33
20040915,1120.37
20040916,1123.50
20040917,1128.55
20040920,1122.20
20040921,1129.30
20040922,1113.56
20040923,1108.36
20040924,1110.11
20040927,1103.52
20040928,1110.06
20040929,1114.80
20040930,1114.58
20041001,1131.50
20041004,1135.17
20041005,1134.48
20041006,1142.05
20041007,1130.65
20041008,1122.14
20041011,1124.39
20041012,1121.84
20041013,1113.65
20041014,1103.29
20041015,1108.20
20041018,1114.02
20041019,1103.23
20041020,1103.66
20041021,1106.49
20041022,1095.74
20041025,1094.81
20041026,1111.09
20041027,1125.40
20041028,1127.44
20041029,1130.20
20041101,1130.51
20041102,1130.54
20041103,1143.20
20041104,1161.67
20041105,1166.17
20041108,1164.89
20041109,1164.08
20041110,1162.91
20041111,1173.48
20041112,1184.17
20041115,1183.81
20041116,1175.43
20041117,1181.94
20041118,1183.55
20041119,1170.34
20041122,1177.24
20041123,1176.94
20041124,1181.76
20041126,1182.65
20041129,1178.57
20041130,1173.82
20041201,1191.37
20041202,1190.33
20041203,1191.17
20041206,1190.25
20041207,1177.07
20041208,1182.81
20041209,1189.24
20041210,1188.00
20041213,1198.68
20041214,1203.38
20041215,1205.72
20041216,1203.21
20041217,1194.22
20041220,1194.65
20041221,1205.45
20041222,1209.57
20041223,1210.13
20041227,1204.92
20041228,1213.54
20041229,1213.45
20041230,1213.55
20041231,1211.92
20050103,1202.08
20050104,1188.05
20050105,1183.74
20050106,1187.89
20050107,1186.19
20050110,1190.25
20050111,1182.99
20050112,1187.70
20050113,1177.45
20050114,1184.52
20050118,1195.98
20050119,1184.63
20050120,1175.41
20050121,1167.87
20050124,1163.75
20050125,1168.41
20050126,1174.07
20050127,1174.55
20050128,1171.36
20050131,1181.27
20050201,1189.41
20050202,1193.19
20050203,1189.89
20050204,1203.03
20050207,1201.72
20050208,1202.30
20050209,1191.99
20050210,1197.01
20050211,1205.30
20050214,1206.14
20050215,1210.12
20050216,1210.34
20050217,1200.75
20050218,1201.59
20050222,1184.16
20050223,1190.80
20050224,1200.20
20050225,1211.37
20050228,1203.60
20050301,1210.41
20050302,1210.08
20050303,1210.47
20050304,1222.12
20050307,1225.31
20050308,1219.43
20050309,1207.01
20050310,1209.25
20050311,1200.08
20050314,1206.83
20050315,1197.75
20050316,1188.07
20050317,1190.21
20050318,1189.65
20050321,1183.78
20050322,1171.71
20050323,1172.53
20050324,1171.42
20050328,1174.28
20050329,1165.36
20050330,1181.41
20050331,1180.59
20050401,1172.92
20050404,1176.12
20050405,1181.39
20050406,1184.07
20050407,1191.14
20050408,1181.20
20050411,1181.21
20050412,1187.76
20050413,1173.79
20050414,1162.05
20050415,1142.62
20050418,1145.98
20050419,1152.78
20050420,1137.50
20050421,1159.95
20050422,1152.12
20050425,1162.10
20050426,1151.74
20050427,1156.38
20050428,1143.22
20050429,1156.85
20050502,1162.16
20050503,1161.17
20050504,1175.65
20050505,1172.63
20050506,1171.35
20050509,1178.84
20050510,1166.22
20050511,1171.11
20050512,1159.36
20050513,1154.05
20050516,1165.69
20050517,1173.80
20050518,1185.56
20050519,1191.08
20050520,1189.28
20050523,1193.86
20050524,1194.07
20050525,1190.01
20050526,1197.62
20050527,1198.78
20050531,1191.50
20050601,1202.27
20050602,1204.29
20050603,1196.02
20050606,1197.51
20050607,1197.26
20050608,1194.67
20050609,1200.93
20050610,1198.11
20050613,1200.82
20050614,1203.91
20050615,1206.58
20050616,1210.96
20050617,1216.96
20050620,1216.10
20050621,1213.61
20050622,1213.88
20050623,1200.73
20050624,1191.57
20050627,1190.69
20050628,1201.57
20050629,1199.85
20050630,1191.33
20050701,1194.44
20050705,1204.99
20050706,1194.94
20050707,1197.87
20050708,1211.86
20050711,1219.44
20050712,1222.21
20050713,1223.29
20050714,1226.50
20050715,1227.92
20050718,1221.13
20050719,1229.35
20050720,1235.20
20050721,1227.04
20050722,1233.68
20050725,1229.03
20050726,1231.16
20050727,1236.79
20050728,1243.72
20050729,1234.18
20050801,1235.35
20050802,1244.12
20050803,1245.04
20050804,1235.86
20050805,1226.42
20050808,1223.13
20050809,1231.38
20050810,1229.13
20050811,1237.81
20050812,1230.39
20050815,1233.87
20050816,1219.34
20050817,1220.24
20050818,1219.02
20050819,1219.71
20050822,1221.73
20050823,1217.57
20050824,1209.59
20050825,1212.39
20050826,1205.10
20050829,1212.28
20050830,1208.41
20050831,1220.33
20050901,1221.59
20050902,1218.02
20050906,1233.39
20050907,1236.36
20050908,1231.67
20050909,1241.48
20050912,1240.56
20050913,1231.20
20050914,1227.16
20050915,1227.73
20050916,1237.91
20050919,1231.02
20050920,1221.34
20050921,1210.20
20050922,1214.62
20050923,1215.29
20050926,1215.63
20050927,1215.66
20050928,1216.89
20050929,1227.68
20050930,1228.81
20051003,1226.70
20051004,1214.47
20051005,1196.39
20051006,1191.49
20051007,1195.90
20051010,1187.33
20051011,1184.87
20051012,1177.68
20051013,1176.84
20051014,1186.57
20051017,1190.10
20051018,1178.14
20051019,1195.76
20051020,1177.80
20051021,1179.59
20051024,1199.38
20051025,1196.54
20051026,1191.38
20051027,1178.90
20051028,1198.41
20051031,1207.01
20051101,1202.76
20051102,1214.76
20051103,1219.94
20051104,1220.14
20051107,1222.81
20051108,1218.59
20051109,1220.65
20051110,1230.96
20051111,1234.72
20051114,1233.76
20051115,1229.01
20051116,1231.21
20051117,1242.80
20051118,1248.27
20051121,1254.85
20051122,1261.23
20051123,1265.61
20051125,1268.25
20051128,1257.46
20051129,1257.48
20051130,1249.48
20051201,1264.67
20051202,1265.08
20051205,1262.09
20051206,1263.70
20051207,1257.37
20051208,1255.84
20051209,1259.37
20051212,1260.43
20051213,1267.43
20051214,1272.74
20051215,1270.94
20051216,1267.32
20051219,1259.92
20051220,1259.62
20051221,1262.79
20051222,1268.12
20051223,1268.66
20051227,1256.54
20051228,1258.17
20051229,1254.42
20051230,1248.29
20060103,1268.80
20060104,1273.46
20060105,1273.48
20060106,1285.45
20060109,1290.15
20060110,1289.69
20060111,1294.18
20060112,1286.06
20060113,1287.61
20060117,1282.93
20060118,1277.93
20060119,1285.04
20060120,1261.49
20060123,1263.82
20060124,1266.86
20060125,1264.68
20060126,1273.83
20060127,1283.72
20060130,1285.20
20060131,1280.08
20060201,1282.46
20060202,1270.84
20060203,1264.03
20060206,1265.02
20060207,1254.78
20060208,1265.65
20060209,1263.78
20060210,1266.99
20060213,1262.86
20060214,1275.53
20060215,1280.00
20060216,1289.38
20060217,1287.24
20060221,1283.03
20060222,1292.67
20060223,1287.79
20060224,1289.43
20060227,1294.12
20060228,1280.66
20060301,1291.24
20060302,1289.14
20060303,1287.23
20060306,1278.26
20060307,1275.88
20060308,1278.47
20060309,1272.23
20060310,1281.58
20060313,1284.13
20060314,1297.48
20060315,1303.02
20060316,1305.33
20060317,1307.25
20060320,1305.08
20060321,1297.23
20060322,1305.04
20060323,1301.67
20060324,1302.95
20060327,1301.61
20060328,1293.23
20060329,1302.89
20060330,1300.25
20060331,1294.83
20060403,1297.81
20060404,1305.93
20060405,1311.56
20060406,1309.04
20060407,1295.50
20060410,1296.60
20060411,1286.57
20060412,1288.12
20060413,1289.12
20060417,1285.33
20060418,1307.65
20060419,1309.93
20060420,1311.46
20060421,1311.28
20060424,1308.11
20060425,1301.74
20060426,1305.41
20060427,1309.72
20060428,1310.61
20060501,1305.19
20060502,1313.21
20060503,1307.85
20060504,1312.25
20060505,1325.76
20060508,1324.66
20060509,1325.14
20060510,1322.85
20060511,1305.92
20060512,1291.24
20060515,1294.50
20060516,1292.08
20060517,1270.32
20060518,1261.81
20060519,1267.03
20060522,1262.07
20060523,1256.58
20060524,1258.57
20060525,1272.88
20060526,1280.16
20060530,1259.84
20060531,1270.09
20060601,1285.71
20060602,1288.22
20060605,1265.29
20060606,1263.85
20060607,1256.15
20060608,1257.93
20060609,1252.30
20060612,1236.40
20060613,1223.69
20060614,1230.04
20060615,1256.16
20060616,1251.54
20060619,1240.14
20060620,1240.12
20060621,1252.20
20060622,1245.60
20060623,1244.50
20060626,1250.56
20060627,1239.20
20060628,1246.00
20060629,1272.87
20060630,1270.20
20060703,1280.19
20060705,1270.91
20060706,1274.08
20060707,1265.48
20060710,1267.34
20060711,1272.52
20060712,1258.60
20060713,1242.29
20060714,1236.20
20060717,1234.49
20060718,1236.86
20060719,1259.81
20060720,1249.13
20060721,1240.29
20060724,1260.91
20060725,1268.88
20060726,1268.40
20060727,1263.20
20060728,1278.55
20060731,1276.66
20060801,1270.92
20060802,1278.55
20060803,1280.27
20060804,1279.36
20060807,1275.77
20060808,1271.48
20060809,1265.95
20060810,1271.81
20060811,1266.74
20060814,1268.21
20060815,1285.58
20060816,1295.43
20060817,1297.48
20060818,1302.30
20060821,1297.52
20060822,1298.82
20060823,1292.99
20060824,1296.06
20060825,1295.09
20060828,1301.78
20060829,1304.28
20060830,1304.27
20060831,1303.82
20060901,1311.01
20060905,1313.25
20060906,1300.26
20060907,1294.02
20060908,1298.92
20060911,1299.54
20060912,1313.11
20060913,1318.07
20060914,1316.28
20060915,1319.87
20060918,1321.18
20060919,1318.31
20060920,1325.18
20060921,1318.03
20060922,1314.78
20060925,1326.37
20060926,1336.34
20060927,1336.59
20060928,1339.15
20060929,1335.85
20061002,1331.32
20061003,1334.11
20061004,1350.22
20061005,1353.22
20061006,1349.58
20061009,1350.66
20061010,1353.42
20061011,1349.95
20061012,1362.83
20061013,1365.62
20061016,1369.05
20061017,1364.05
20061018,1365.96
20061019,1366.96
20061020,1368.60
20061023,1377.02
20061024,1377.38
20061025,1382.22
20061026,1389.08
20061027,1377.34
20061030,1377.93
20061031,1377.94
20061101,1367.81
20061102,1367.34
20061103,1364.30
20061106,1379.78
20061107,1382.84
20061108,1385.72
20061109,1378.33
20061110,1380.90
20061113,1384.42
20061114,1393.22
20061115,1396.57
20061116,1399.76
20061117,1401.20
20061120,1400.50
20061121,1402.81
20061122,1406.09
20061124,1400.95
20061127,1381.90
20061128,1386.72
20061129,1399.48
20061130,1400.63
20061201,1396.71
20061204,1409.12
20061205,1414.76
20061206,1412.90
20061207,1407.29
20061208,1409.84
20061211,1413.04
20061212,1411.56
20061213,1413.21
20061214,1425.49
20061215,1427.09
20061218,1422.48
20061219,1425.55
20061220,1423.53
20061221,1418.30
20061222,1410.76
20061226,1416.90
20061227,1426.84
20061228,1424.73
20061229,1418.30
20070103,1416.60
20070104,1418.34
20070105,1409.71
20070108,1412.84
20070109,1412.11
20070110,1414.85
20070111,1423.82
20070112,1430.73
20070116,1431.90
20070117,1430.62
20070118,1426.37
20070119,1430.50
20070122,1422.95
20070123,1427.99
20070124,1440.13
20070125,1423.90
20070126,1422.18
20070129,1420.62
20070130,1428.82
20070131,1438.24
20070201,1445.94
20070202,1448.39
20070205,1446.99
20070206,1448.00
20070207,1450.02
20070208,1448.31
20070209,1438.06
20070212,1433.37
20070213,1444.26
20070214,1455.30
20070215,1456.81
20070216,1455.54
20070220,1459.68
20070221,1457.63
20070222,1456.38
20070223,1451.19
20070226,1449.37
20070227,1399.04
20070228,1406.82
20070301,1403.17
20070302,1387.17
20070305,1374.12
20070306,1395.41
20070307,1391.97
20070308,1401.89
20070309,1402.85
20070312,1406.60
20070313,1377.95
20070314,1387.17
20070315,1392.28
20070316,1386.95
20070319,1402.06
20070320,1410.94
20070321,1435.04
20070322,1434.54
20070323,1436.11
20070326,1437.50
20070327,1428.61
20070328,1417.23
20070329,1422.53
20070330,1420.86
20070402,1424.55
20070403,1437.77
20070404,1439.37
20070405,1443.76
20070409,1444.61
20070410,1448.39
20070411,1438.87
20070412,1447.80
20070413,1452.85
20070416,1468.47
20070417,1471.48
20070418,1472.50
20070419,1470.73
20070420,1484.35
20070423,1480.93
20070424,1480.41
20070425,1495.42
20070426,1494.25
20070427,1494.07
20070430,1482.37
20070501,1486.30
20070502,1495.92
20070503,1502.39
20070504,1505.62
20070507,1509.48
20070508,1507.72
20070509,1512.58
20070510,1491.47
20070511,1505.85
20070514,1503.15
20070515,1501.19
20070516,1514.14
20070517,1512.75
20070518,1522.75
20070521,1525.10
20070522,1524.12
20070523,1522.28
20070524,1507.51
20070525,1515.73
20070529,1518.11
20070530,1530.23
20070531,1530.62
20070601,1536.34
20070604,1539.18
20070605,1530.95
20070606,1517.38
20070607,1490.72
20070608,1507.67
20070611,1509.12
20070612,1493.00
20070613,1515.67
20070614,1522.97
20070615,1532.91
20070618,1531.05
20070619,1533.70
20070620,1512.84
20070621,1522.19
20070622,1502.56
20070625,1497.74
20070626,1492.89
20070627,1506.34
20070628,1505.71
20070629,1503.35
20070702,1519.43
20070703,1524.87
20070705,1525.40
20070706,1530.44
20070709,1531.85
20070710,1510.12
20070711,1518.76
20070712,1547.70
20070713,1552.50
20070716,1549.52
20070717,1549.37
20070718,1546.17
20070719,1553.08
20070720,1534.10
20070723,1541.57
20070724,1511.04
20070725,1518.09
20070726,1482.66
20070727,1458.95
20070730,1473.91
20070731,1455.27
20070801,1465.81
20070802,1472.20
20070803,1433.06
20070806,1467.67
20070807,1476.71
20070808,1497.49
20070809,1453.09
20070810,1453.64
20070813,1452.92
20070814,1426.54
20070815,1406.70
20070816,1411.27
20070817,1445.94
20070820,1445.55
20070821,1447.12
20070822,1464.07
20070823,1462.50
20070824,1479.37
20070827,1466.79
20070828,1432.36
20070829,1463.76
20070830,1457.64
20070831,1473.99
20070904,1489.42
20070905,1472.29
20070906,1478.55
20070907,1453.55
20070910,1451.70
20070911,1471.49
20070912,1471.56
20070913,1483.95
20070914,1484.25
20070917,1476.65
20070918,1519.78
20070919,1529.03
20070920,1518.75
20070921,1525.75
20070924,1517.73
20070925,1517.21
20070926,1525.42
20070927,1531.38
20070928,1526.75
20071001,1547.04
20071002,1546.63
20071003,1539.59
20071004,1542.84
20071005,1557.59
20071008,1552.58
20071009,1565.15
20071010,1562.47
20071011,1554.41
20071012,1561.80
20071015,1548.71
20071016,1538.53
20071017,1541.24
20071018,1540.08
20071019,1500.63
20071022,1506.33
20071023,1519.59
20071024,1515.88
20071025,1514.40
20071026,1535.28
20071029,1540.98
20071030,1531.02
20071031,1549.38
20071101,1508.44
20071102,1509.65
20071105,1502.17
20071106,1520.27
20071107,1475.62
20071108,1474.77
20071109,1453.70
20071112,1439.18
20071113,1481.05
20071114,1470.58
20071115,1451.15
20071116,1458.74
20071119,1433.27
20071120,1439.70
20071121,1416.77
20071123,1440.70
20071126,1407.22
20071127,1428.23
20071128,1469.02
20071129,1469.72
20071130,1481.14
20071203,1472.42
20071204,1462.79
20071205,1485.01
20071206,1507.34
20071207,1504.66
20071210,1515.96
20071211,1477.65
20071212,1486.59
20071213,1488.41
20071214,1467.95
20071217,1445.90
20071218,1454.98
20071219,1453.00
20071220,1460.12
20071221,1484.46
20071224,1496.45
20071226,1497.66
20071227,1476.37
20071228,1478.49
20071231,1468.36
20080102,1447.16
20080103,1447.16
20080104,1411.63
20080107,1416.18
20080108,1390.19
20080109,1409.13
20080110,1420.33
20080111,1401.02
20080114,1416.25
20080115,1380.95
20080116,1373.20
20080117,1333.25
20080118,1325.19
20080122,1310.50
20080123,1338.60
20080124,1352.07
20080125,1330.61
20080128,1353.97
20080129,1362.30
20080130,1355.81
20080131,1378.55
20080201,1395.42
20080204,1380.82
20080205,1336.64
20080206,1326.45
20080207,1336.91
20080208,1331.29
20080211,1339.13
20080212,1348.86
20080213,1367.21
20080214,1348.86
20080215,1349.99
20080219,1348.78
20080220,1360.03
20080221,1342.53
20080222,1353.11
20080225,1371.80
20080226,1381.29
20080227,1380.02
20080228,1367.68
20080229,1330.63
20080303,1331.34
20080304,1326.75
20080305,1333.70
20080306,1304.34
20080307,1293.37
20080310,1273.37
20080311,1320.65
20080312,1308.77
20080313,1315.48
20080314,1288.14
20080317,1276.60
20080318,1330.74
20080319,1298.42
20080320,1329.51
20080324,1349.88
20080325,1352.99
20080326,1341.13
20080327,1325.76
20080328,1315.22
20080331,1322.70
20080401,1370.18
20080402,1367.53
20080403,1369.31
20080404,1370.40
20080407,1372.54
20080408,1365.54
20080409,1354.49
20080410,1360.55
20080411,1332.83
20080414,1328.32
20080415,1334.43
20080416,1364.71
20080417,1365.56
20080418,1390.33
20080421,1388.17
20080422,1375.94
20080423,1379.93
20080424,1388.82
20080425,1397.84
20080428,1396.37
20080429,1390.94
20080430,1385.59
20080501,1409.34
20080502,1413.90
20080505,1407.49
20080506,1418.26
20080507,1392.57
20080508,1397.68
20080509,1388.28
20080512,1403.58
20080513,1403.04
20080514,1408.66
20080515,1423.57
20080516,1425.35
20080519,1426.63
20080520,1413.40
20080521,1390.71
20080522,1394.35
20080523,1375.93
20080527,1385.35
20080528,1390.84
20080529,1398.26
20080530,1400.38
20080602,1385.67
20080603,1377.65
20080604,1377.20
20080605,1404.05
20080606,1360.68
20080609,1361.76
20080610,1358.44
20080611,1335.49
20080612,1339.87
20080613,1360.03
20080616,1360.14
20080617,1350.93
20080618,1337.81
20080619,1342.83
20080620,1317.93
20080623,1318.00
20080624,1314.29
20080625,1321.97
20080626,1283.15
20080627,1278.38
20080630,1280.00
20080701,1284.91
20080702,1261.52
20080703,1262.90
20080707,1252.31
20080708,1273.70
20080709,1244.69
20080710,1253.39
20080711,1239.49
20080714,1228.30
20080715,1214.91
20080716,1245.36
20080717,1260.32
20080718,1260.68
20080721,1260.00
20080722,1277.00
20080723,1282.19
20080724,1252.54
20080725,1257.76
20080728,1234.37
20080729,1263.20
20080730,1284.26
20080731,1267.38
20080801,1260.31
20080804,1249.01
20080805,1284.88
20080806,1289.19
20080807,1266.07
20080808,1296.32
20080811,1305.32
20080812,1289.59
20080813,1285.83
20080814,1292.93
20080815,1298.20
20080818,1278.60
20080819,1266.69
20080820,1274.54
20080821,1277.72
20080822,1292.20
20080825,1266.84
20080826,1271.51
20080827,1281.66
20080828,1300.68
20080829,1282.83
20080902,1277.58
20080903,1274.98
20080904,1236.83
20080905,1242.31
20080908,1267.79
20080909,1224.51
20080910,1232.04
20080911,1249.05
20080912,1251.70
20080915,1192.70
20080916,1213.59
20080917,1156.39
20080918,1206.51
20080919,1255.08
20080922,1207.09
20080923,1188.22
20080924,1185.87
20080925,1209.18
20080926,1213.01
20080929,1106.39
20080930,1166.36
20081001,1161.06
20081002,1114.28
20081003,1099.23
20081006,1056.89
20081007,996.23
20081008,984.94
20081009,909.92
20081010,899.22
20081013,1003.35
20081014,998.01
20081015,907.84
20081016,946.43
20081017,940.55
20081020,985.40
20081021,955.05
20081022,896.78
20081023,908.11
20081024,876.77
20081027,848.92
20081028,940.51
20081029,930.09
20081030,954.09
20081031,968.75
20081103,966.30
20081104,1005.75
20081105,952.77
20081106,904.88
20081107,930.99
20081110,919.21
20081111,898.95
20081112,852.30
20081113,911.29
20081114,873.29
20081117,850.75
20081118,859.12
20081119,806.58
20081120,752.44
20081121,800.03
20081124,851.81
20081125,857.39
20081126,887.68
20081128,896.24
20081201,816.21
20081202,848.81
20081203,870.74
20081204,845.22
20081205,876.07
20081208,909.70
20081209,888.67
20081210,899.24
20081211,873.59
20081212,879.73
20081215,868.57
20081216,913.18
20081217,904.42
20081218,885.28
20081219,887.88
20081222,871.63
20081223,863.16
20081224,868.15
20081226,872.80
20081229,869.42
20081230,890.64
20081231,903.25
20090102,931.80
20090105,927.45
20090106,934.70
20090107,906.65
20090108,909.73
20090109,890.35
20090112,870.26
20090113,871.79
20090114,842.62
20090115,843.74
20090116,850.12
20090120,805.22
20090121,840.24
20090122,827.50
20090123,831.95
20090126,836.57
20090127,845.71
20090128,874.09
20090129,845.14
20090130,825.88
20090202,825.44
20090203,838.51
20090204,832.23
20090205,845.85
20090206,868.60
20090209,869.89
20090210,827.16
20090211,833.74
20090212,835.19
20090213,826.84
20090217,789.17
20090218,788.42
20090219,778.94
20090220,770.05
20090223,743.33
20090224,773.14
20090225,764.90
20090226,752.83
20090227,735.09
20090302,700.82
20090303,696.33
20090304,712.87
20090305,682.55
20090306,683.38
20090309,676.53
20090310,719.60
20090311,721.36
20090312,750.74
20090313,756.55
20090316,753.89
20090317,778.12
20090318,794.35
20090319,784.04
20090320,768.54
20090323,822.92
20090324,806.12
20090325,813.88
20090326,832.86
20090327,815.94
20090330,787.53
20090331,797.87
20090401,811.08
20090402,834.38
20090403,842.50
20090406,835.48
20090407,815.55
20090408,825.16
20090409,856.56
20090413,858.73
20090414,841.50
20090415,852.06
20090416,865.30
20090417,869.60
20090420,832.39
20090421,850.08
20090422,843.55
20090423,851.92
20090424,866.23
20090427,857.51
20090428,855.16
20090429,873.64
20090430,872.81
20090501,877.52
20090504,907.24
20090505,903.80
20090506,919.53
20090507,907.39
20090508,929.23
20090511,909.24
20090512,908.35
20090513,883.92
20090514,893.07
20090515,882.88
20090518,909.71
20090519,908.13
20090520,903.47
20090521,888.33
20090522,887.00
20090526,910.33
20090527,893.06
20090528,906.83
20090529,919.14
20090601,942.87
20090602,944.74
20090603,931.76
20090604,942.46
20090605,940.09
20090608,939.14
20090609,942.43
20090610,939.15
20090611,944.89
20090612,946.21
20090615,923.72
20090616,911.97
20090617,910.71
20090618,918.37
20090619,921.23
20090622,893.04
20090623,895.10
20090624,900.94
20090625,920.26
20090626,918.90
20090629,927.23
20090630,919.32
20090701,923.33
20090702,896.42
20090706,898.72
20090707,881.03
20090708,879.56
20090709,882.68
20090710,879.13
20090713,901.05
20090714,905.84
20090715,932.68
20090716,940.74
20090717,940.38
20090720,951.13
20090721,954.58
20090722,954.07
20090723,976.29
20090724,979.26
20090727,982.18
20090728,979.62
20090729,975.15
20090730,986.75
20090731,987.48
20090803,1002.63
20090804,1005.65
20090805,1002.72
20090806,997.08
20090807,1010.48
20090810,1007.10
20090811,994.35
20090812,1005.81
20090813,1012.73
20090814,1004.09
20090817,979.73
20090818,989.67
20090819,996.46
20090820,1007.37
20090821,1026.13
20090824,1025.57
20090825,1028.00
20090826,1028.12
20090827,1030.98
20090828,1028.93
20090831,1020.62
20090901,998.04
20090902,994.75
20090903,1003.24
20090904,1016.40
20090908,1025.39
20090909,1033.37
20090910,1044.14
20090911,1042.73
20090914,1049.34
20090915,1052.63
20090916,1068.76
20090917,1065.49
20090918,1068.30
20090921,1064.66
20090922,1071.66
20090923,1060.87
20090924,1050.78
20090925,1044.38
20090928,1062.98
20090929,1060.61
20090930,1057.08
20091001,1029.85
20091002,1025.21
20091005,1040.46
20091006,1054.72
20091007,1057.58
20091008,1065.48
20091009,1071.49
20091012,1076.19
20091013,1073.19
20091014,1092.02
20091015,1096.56
20091016,1087.68
20091019,1097.91
20091020,1091.06
20091021,1081.40
20091022,1092.91
20091023,1079.60
20091026,1066.95
20091027,1063.41
20091028,1042.63
20091029,1066.11
20091030,1036.19
20091102,1042.88
20091103,1045.41
20091104,1046.50
20091105,1066.63
20091106,1069.30
20091109,1093.08
20091110,1093.01
20091111,1098.51
20091112,1087.24
20091113,1093.48
20091116,1109.30
20091117,1110.32
20091118,1109.80
20091119,1094.90
20091120,1091.38
20091123,1106.24
20091124,1105.65
20091125,1110.63
20091127,1091.49
20091130,1095.63
20091201,1108.86
20091202,1109.24
20091203,1099.92
20091204,1105.98
20091207,1103.25
20091208,1091.94
20091209,1095.95
20091210,1102.35
20091211,1106.41
20091214,1114.11
20091215,1107.93
20091216,1109.18
20091217,1096.08
20091218,1102.47
20091221,1114.05
20091222,1118.02
20091223,1120.59
20091224,1126.48
20091228,1127.78
20091229,1126.20
20091230,1126.42
20091231,1115.10
20100104,1132.99
20100105,1136.52
20100106,1137.14
20100107,1141.69
20100108,1144.98
20100111,1146.98
20100112,1136.22
20100113,1145.68
20100114,1148.46
20100115,1136.03
20100119,1150.23
20100120,1138.04
20100121,1116.48
20100122,1091.76
20100125,1096.78
20100126,1092.17
20100127,1097.50
20100128,1084.53
20100129,1073.87
20100201,1089.19
20100202,1103.32
20100203,1097.28
20100204,1063.11
20100205,1066.19
20100208,1056.74
20100209,1070.52
20100210,1068.13
20100211,1078.47
20100212,1075.51
20100216,1094.87
20100217,1099.51
20100218,1106.75
20100219,1109.17
20100222,1108.01
20100223,1094.60
20100224,1105.24
20100225,1102.94
20100226,1104.49
20100301,1115.71
20100302,1118.31
20100303,1118.79
20100304,1122.97
20100305,1138.70
20100308,1138.50
20100309,1140.45
20100310,1145.61
20100311,1150.24
20100312,1149.99
20100315,1150.51
20100316,1159.46
20100317,1166.21
20100318,1165.83
20100319,1159.90
20100322,1165.81
20100323,1174.17
20100324,1167.72
20100325,1165.73
20100326,1166.59
20100329,1173.22
20100330,1173.27
20100331,1169.43
20100401,1178.10
20100405,1187.44
20100406,1189.44
20100407,1182.45
20100408,1186.44
20100409,1194.37
20100412,1196.48
20100413,1197.30
20100414,1210.65
20100415,1211.67
20100416,1192.13
20100419,1197.52
20100420,1207.17
20100421,1205.94
20100422,1208.67
20100423,1217.28
20100426,1212.05
20100427,1183.71
20100428,1191.36
20100429,1206.78
20100430,1186.69
20100503,1202.26
20100504,1173.60
20100505,1165.90
20100506,1128.15
20100507,1110.88
20100510,1159.73
20100511,1155.79
20100512,1171.67
20100513,1157.44
20100514,1135.68
20100517,1136.94
20100518,1120.80
20100519,1115.05
20100520,1071.59
20100521,1087.69
20100524,1073.65
20100525,1074.03
20100526,1067.95
20100527,1103.06
20100528,1089.41
20100601,1070.71
20100602,1098.38
20100603,1102.83
20100604,1064.88
20100607,1050.47
20100608,1062.00
20100609,1055.69
20100610,1086.84
20100611,1091.60
20100614,1089.63
20100615,1115.23
20100616,1114.61
20100617,1116.04
20100618,1117.51
20100621,1113.20
20100622,1095.31
20100623,1092.04
20100624,1073.69
20100625,1076.76
20100628,1074.57
20100629,1041.24
20100630,1030.71
20100701,1027.37
20100702,1022.58
20100706,1028.06
20100707,1060.27
20100708,1070.25
20100709,1077.96
20100712,1078.75
20100713,1095.34
20100714,1095.17
20100715,1096.48
20100716,1064.88
20100719,1071.25
20100720,1083.48
20100721,1069.59
20100722,1093.67
20100723,1102.66
20100726,1115.01
20100727,1113.84
20100728,1106.13
20100729,1101.53
20100730,1101.60
20100802,1125.86
20100803,1120.46
20100804,1127.24
20100805,1125.81
20100806,1121.64
20100809,1127.79
20100810,1121.06
20100811,1089.47
20100812,1083.61
20100813,1079.25
20100816,1079.38
20100817,1092.54
20100818,1094.16
20100819,1075.63
20100820,1071.69
20100823,1067.36
20100824,1051.87
20100825,1055.33
20100826,1047.22
20100827,1064.59
20100830,1048.92
20100831,1049.33
20100901,1080.29
20100902,1090.10
20100903,1104.51
20100907,1091.84
20100908,1098.87
20100909,1104.18
20100910,1109.55
20100913,1121.90
20100914,1121.10
20100915,1125.07
20100916,1124.66
20100917,1125.59
20100920,1142.71
20100921,1139.78
20100922,1134.28
20100923,1124.83
20100924,1148.67
20100927,1142.16
20100928,1147.70
20100929,1144.73
20100930,1141.20
20101001,1146.24
20101004,1137.03
20101005,1160.75
20101006,1159.97
20101007,1158.06
20101008,1165.15
20101011,1165.32
20101012,1169.77
20101013,1178.10
20101014,1173.81
20101015,1176.19
20101018,1184.71
20101019,1165.90
20101020,1178.17
20101021,1180.26
20101022,1183.08
20101025,1185.62
20101026,1185.64
20101027,1182.45
20101028,1183.78
20101029,1183.26
20101101,1184.38
20101102,1193.57
20101103,1197.96
20101104,1221.06
20101105,1225.85
20101108,1223.25
20101109,1213.40
20101110,1218.71
20101111,1213.54
20101112,1199.21
20101115,1197.75
20101116,1178.34
20101117,1178.59
20101118,1196.69
20101119,1199.73
20101122,1197.84
20101123,1180.73
20101124,1198.35
20101126,1189.40
20101129,1187.76
20101130,1180.55
20101201,1206.07
20101202,1221.53
20101203,1224.71
20101206,1223.12
20101207,1223.75
20101208,1228.28
20101209,1233.00
20101210,1240.40
20101213,1240.46
20101214,1241.59
20101215,1235.23
20101216,1242.87
20101217,1243.91
20101220,1247.08
20101221,1254.60
20101222,1258.84
20101223,1256.77
20101227,1257.54
20101228,1258.51
20101229,1259.78
20101230,1257.88
20101231,1257.64
20110103,1271.87
20110104,1270.20
20110105,1276.56
20110106,1273.85
20110107,1271.50
20110110,1269.75
20110111,1274.48
20110112,1285.96
20110113,1283.76
20110114,1293.24
20110118,1295.02
20110119,1281.92
20110120,1280.26
20110121,1283.35
20110124,1290.84
20110125,1291.18
20110126,1296.63
20110127,1299.54
20110128,1276.34
20110131,1286.12
20110201,1307.59
20110202,1304.03
20110203,1307.10
20110204,1310.87
20110207,1319.05
20110208,1324.57
20110209,1320.88
20110210,1321.87
20110211,1329.15
20110214,1332.32
20110215,1328.01
20110216,1336.32
20110217,1340.43
20110218,1343.01
20110222,1315.44
20110223,1307.40
20110224,1306.10
20110225,1319.88
20110228,1327.22
20110301,1306.33
20110302,1308.44
20110303,1330.97
20110304,1321.15
20110307,1310.13
20110308,1321.82
20110309,1320.02
20110310,1295.11
20110311,1304.28
20110314,1296.39
20110315,1281.87
20110316,1256.88
20110317,1273.72
20110318,1279.20
20110321,1298.38
20110322,1293.77
20110323,1297.54
20110324,1309.66
20110325,1313.80
20110328,1310.19
20110329,1319.44
20110330,1328.26
20110331,1325.83
20110401,1332.41
20110404,1332.87
20110405,1332.63
20110406,1335.54
20110407,1333.51
20110408,1328.17
20110411,1324.46
20110412,1314.16
20110413,1314.41
20110414,1314.52
20110415,1319.68
20110418,1305.14
20110419,1312.62
20110420,1330.36
20110421,1337.38
20110425,1335.25
20110426,1347.24
20110427,1355.66
20110428,1360.48
20110429,1363.61
20110502,1361.22
20110503,1356.62
20110504,1347.32
20110505,1335.10
20110506,1340.20
20110509,1346.29
20110510,1357.16
20110511,1342.08
20110512,1348.65
20110513,1337.77
20110516,1329.47
20110517,1328.98
20110518,1340.68
20110519,1343.60
20110520,1333.27
20110523,1317.37
20110524,1316.28
20110525,1320.47
20110526,1325.69
20110527,1331.10
20110531,1345.20
20110601,1314.55
20110602,1312.94
20110603,1300.16
20110606,1286.17
20110607,1284.94
20110608,1279.56
20110609,1289.00
20110610,1270.98
20110613,1271.83
20110614,1287.87
20110615,1265.42
20110616,1267.64
20110617,1271.50
20110620,1278.36
20110621,1295.52
20110622,1287.14
20110623,1283.50
20110624,1268.45
20110627,1280.10
20110628,1296.67
20110629,1307.41
20110630,1320.64
20110701,1339.67
20110705,1337.88
20110706,1339.22
20110707,1353.22
20110708,1343.80
20110711,1319.49
20110712,1313.64
20110713,1317.72
20110714,1308.87
20110715,1316.14
20110718,1305.44
20110719,1326.73
20110720,1325.84
20110721,1343.80
20110722,1345.02
20110725,1337.43
20110726,1331.94
20110727,1304.89
20110728,1300.67
20110729,1292.28
20110801,1286.94
20110802,1254.05
20110803,1260.34
20110804,1200.07
20110805,1199.38
20110808,1119.46
20110809,1172.53
20110810,1120.76
20110811,1172.64
20110812,1178.81
20110815,1204.49
20110816,1192.76
20110817,1193.89
20110818,1140.65
20110819,1123.53
20110822,1123.82
20110823,1162.35
20110824,1177.60
20110825,1159.27
20110826,1176.80
20110829,1210.08
20110830,1212.92
20110831,1218.89
20110901,1204.42
20110902,1173.97
20110906,1165.24
20110907,1198.62
20110908,1185.90
20110909,1154.23
20110912,1162.27
20110913,1172.87
20110914,1188.68
20110915,1209.11
20110916,1216.01
20110919,1204.09
20110920,1202.09
20110921,1166.76
20110922,1129.56
20110923,1136.43
20110926,1162.95
20110927,1175.38
20110928,1151.06
20110929,1160.40
20110930,1131.42
20111003,1099.23
20111004,1123.95
20111005,1144.03
20111006,1164.97
20111007,1155.46
20111010,1194.89
20111011,1195.54
20111012,1207.25
20111013,1203.66
20111014,1224.58
20111017,1200.86
20111018,1225.38
20111019,1209.88
20111020,1215.39
20111021,1238.25
20111024,1254.19
20111025,1229.05
20111026,1242.00
20111027,1284.59
20111028,1285.09
20111031,1253.30
20111101,1218.28
20111102,1237.90
20111103,1261.15
20111104,1253.23
20111107,1261.12
20111108,1275.92
20111109,1229.10
20111110,1239.69
20111111,1263.85
20111114,1251.78
20111115,1257.81
20111116,1236.91
20111117,1216.13
20111118,1215.65
20111121,1192.98
20111122,1188.04
20111123,1161.79
20111125,1158.67
20111128,1192.55
20111129,1195.19
20111130,1246.96
20111201,1244.58
20111202,1244.28
20111205,1257.08
20111206,1258.47
20111207,1261.01
20111208,1234.35
20111209,1255.19
20111212,1236.47
20111213,1225.73
20111214,1211.82
20111215,1215.75
20111216,1219.66
20111219,1205.35
20111220,1241.30
20111221,1243.72
20111222,1254.00
20111223,1265.33
20111227,1265.43
20111228,1249.64
20111229,1263.02
20111230,1257.60
20120103,1277.06
20120104,1277.30
20120105,1281.06
20120106,1277.81
20120109,1280.70
20120110,1292.08
20120111,1292.48
20120112,1295.50
20120113,1289.09
20120117,1293.67
20120118,1308.04
20120119,1314.50
20120120,1315.38
20120123,1316.00
20120124,1314.65
20120125,1326.05
20120126,1318.43
20120127,1316.33
20120130,1313.01
20120131,1312.41
20120201,1324.09
20120202,1325.54
20120203,1344.90
20120206,1344.33
20120207,1347.05
20120208,1349.96
20120209,1351.95
20120210,1342.64
20120213,1351.77
20120214,1350.50
20120215,1343.23
20120216,1358.04
20120217,1361.23
20120221,1362.21
20120222,1357.66
20120223,1363.46
20120224,1365.74
20120227,1367.59
20120228,1372.18
20120229,1365.68
20120301,1374.09
20120302,1369.63
20120305,1364.33
20120306,1343.36
20120307,1352.63
20120308,1365.91
20120309,1370.87
20120312,1371.09
20120313,1395.95
20120314,1394.28
20120315,1402.60
20120316,1404.17
20120319,1409.75
20120320,1405.52
20120321,1402.89
20120322,1392.78
20120323,1397.11
20120326,1416.51
20120327,1412.52
20120328,1405.54
20120329,1403.28
20120330,1408.47
20120402,1419.04
20120403,1413.38
20120404,1398.96
20120405,1398.08
20120409,1382.20
20120410,1358.59
20120411,1368.71
20120412,1387.57
20120413,1370.26
20120416,1369.57
20120417,1390.78
20120418,1385.14
20120419,1376.92
20120420,1378.53
20120423,1366.94
20120424,1371.97
20120425,1390.69
20120426,1399.98
20120427,1403.36
20120430,1397.91
20120501,1405.82
20120502,1402.31
20120503,1391.57
20120504,1369.10
20120507,1369.58
20120508,1363.72
20120509,1354.58
20120510,1357.99
20120511,1353.39
20120514,1338.35
20120515,1330.66
20120516,1324.80
20120517,1304.86
20120518,1295.22
20120521,1315.99
20120522,1316.63
20120523,1318.86
20120524,1320.68
20120525,1317.82
20120529,1332.42
20120530,1313.32
20120531,1310.33
20120601,1278.04
20120604,1278.18
20120605,1285.50
20120606,1315.13
20120607,1314.99
20120608,1325.66
20120611,1308.93
20120612,1324.18
20120613,1314.88
20120614,1329.10
20120615,1342.84
20120618,1344.78
20120619,1357.98
20120620,1355.69
20120621,1325.51
20120622,1335.02
20120625,1313.72
20120626,1319.99
20120627,1331.85
20120628,1329.04
20120629,1362.16
20120702,1365.51
20120703,1374.02
20120705,1367.58
20120706,1354.68
20120709,1352.46
20120710,1341.47
20120711,1341.45
20120712,1334.76
20120713,1356.78
20120716,1353.64
20120717,1363.67
20120718,1372.78
20120719,1376.51
20120720,1362.66
20120723,1350.52
20120724,1338.31
20120725,1337.89
20120726,1360.02
20120727,1385.97
20120730,1385.30
20120731,1379.32
20120801,1375.14
20120802,1365.00
20120803,1390.99
20120806,1394.23
20120807,1401.35
20120808,1402.22
20120809,1402.80
20120810,1405.87
20120813,1404.11
20120814,1403.93
20120815,1405.53
20120816,1415.51
20120817,1418.16
20120820,1418.13
20120821,1413.17
20120822,1413.49
20120823,1402.08
20120824,1411.13
20120827,1410.44
20120828,1409.30
20120829,1410.49
20120830,1399.48
20120831,1406.58
20120904,1404.94
20120905,1403.44
20120906,1432.12
20120907,1437.92
20120910,1429.08
20120911,1433.56
20120912,1436.56
20120913,1459.99
20120914,1465.77
20120917,1461.19
20120918,1459.32
20120919,1461.05
20120920,1460.26
20120921,1460.15
20120924,1456.89
20120925,1441.59
20120926,1433.32
20120927,1447.15
20120928,1440.67
20121001,1444.49
20121002,1445.75
20121003,1450.99
20121004,1461.40
20121005,1460.93
20121008,1455.88
20121009,1441.48
20121010,1432.56
20121011,1432.84
20121012,1428.59
20121015,1440.13
20121016,1454.92
20121017,1460.91
20121018,1457.34
20121019,1433.19
20121022,1433.82
20121023,1413.11
20121024,1408.75
20121025,1412.97
20121026,1411.94
20121031,1412.16
20121101,1427.59
20121102,1414.20
20121105,1417.26
20121106,1428.39
20121107,1394.53
20121108,1377.51
20121109,1379.85
20121112,1380.03
20121113,1374.53
20121114,1355.49
20121115,1353.33
20121116,1359.88
20121119,1386.89
20121120,1387.81
20121121,1391.03
20121123,1409.15
20121126,1406.29
20121127,1398.94
20121128,1409.93
20121129,1415.95
20121130,1416.18
20121203,1409.46
20121204,1407.05
20121205,1409.28
20121206,1413.94
20121207,1418.07
20121210,1418.55
20121211,1427.84
20121212,1428.48
20121213,1419.45
20121214,1413.58
20121217,1430.36
20121218,1446.79
20121219,1435.81
20121220,1443.69
20121221,1430.15
20121224,1426.66
20121226,1419.83
20121227,1418.10
20121228,1402.43
20121231,1426.19
20130102,1462.42
20130103,1459.37
20130104,1466.47
20130107,1461.89
20130108,1457.15
20130109,1461.02
20130110,1472.12
20130111,1472.05
20130114,1470.68
20130115,1472.34
20130116,1472.63
20130117,1480.94
20130118,1485.98
20130122,1492.56
20130123,1494.81
20130124,1494.82
20130125,1502.96
20130128,1500.18
20130129,1507.84
20130130,1501.96
20130131,1498.11
20130201,1513.17
20130204,1495.71
20130205,1511.29
20130206,1512.12
20130207,1509.39
20130208,1517.93
20130211,1517.01
20130212,1519.43
20130213,1520.33
20130214,1521.38
20130215,1519.79
20130219,1530.94
20130220,1511.95
20130221,1502.42
20130222,1515.60
20130225,1487.85
20130226,1496.94
20130227,1515.99
20130228,1514.68
20130301,1518.20
20130304,1525.20
20130305,1539.79
20130306,1541.46
20130307,1544.26
20130308,1551.18
20130311,1556.22
20130312,1552.48
20130313,1554.52
20130314,1563.23
20130315,1560.70
20130318,1552.10
20130319,1548.34
20130320,1558.71
20130321,1545.80
20130322,1556.89
20130325,1551.69
20130326,1563.77
20130327,1562.85
20130328,1569.19
20130401,1562.17
20130402,1570.25
20130403,1553.69
20130404,1559.98
20130405,1553.28
20130408,1563.07
20130409,1568.61
20130410,1587.73
20130411,1593.37
20130412,1588.85
20130415,1552.36
20130416,1574.57
20130417,1552.01
20130418,1541.61
20130419,1555.25
20130422,1562.50
20130423,1578.78
20130424,1578.79
20130425,1585.16
20130426,1582.24
20130429,1593.61
20130430,1597.57
20130501,1582.70
20130502,1597.59
20130503,1614.42
20130506,1617.50
20130507,1625.96
20130508,1632.69
20130509,1626.67
20130510,1633.70
20130513,1633.77
20130514,1650.34
20130515,1658.78
20130516,1650.47
20130517,1667.47
20130520,1666.29
20130521,1669.16
20130522,1655.35
20130523,1650.51
20130524,1649.60
20130528,1660.06
20130529,1648.36
20130530,1654.41
20130531,1630.74
20130603,1640.42
20130604,1631.38
20130605,1608.90
20130606,1622.56
20130607,1643.38
20130610,1642.81
20130611,1626.13
20130612,1612.52
20130613,1636.36
20130614,1626.73
20130617,1639.04
20130618,1651.81
20130619,1628.93
20130620,1588.19
20130621,1592.43
20130624,1573.09
20130625,1588.03
20130626,1603.26
20130627,1613.20
20130628,1606.28
20130701,1614.96
20130702,1614.08
20130703,1615.41
20130705,1631.89
20130708,1640.46
20130709,1652.32
20130710,1652.62
20130711,1675.02
20130712,1680.19
20130715,1682.50
20130716,1676.26
20130717,1680.91
20130718,1689.37
20130719,1692.09
20130722,1695.53
20130723,1692.39
20130724,1685.94
20130725,1690.25
20130726,1691.65
20130729,1685.33
20130730,1685.96
20130731,1685.73
20130801,1706.87
20130802,1709.67
20130805,1707.14
20130806,1697.37
20130807,1690.91
20130808,1697.48
20130809,1691.42
20130812,1689.47
20130813,1694.16
20130814,1685.39
20130815,1661.32
20130816,1655.83
20130819,1646.06
20130820,1652.35
20130821,1642.80
20130822,1656.96
20130823,1663.50
20130826,1656.78
20130827,1630.48
20130828,1634.96
20130829,1638.17
20130830,1632.97
20130903,1639.77
20130904,1653.08
20130905,1655.08
20130906,1655.17
20130909,1671.71
20130910,1683.99
20130911,1689.13
20130912,1683.42
20130913,1687.99
20130916,1697.60
20130917,1704.76
20130918,1725.52
20130919,1722.34
20130920,1709.91
20130923,1701.84
20130924,1697.42
20130925,1692.77
20130926,1698.67
20130927,1691.75
20130930,1681.55
20131001,1695.00
20131002,1693.87
20131003,1678.66
20131004,1690.50
20131007,1676.12
20131008,1655.45
20131009,1656.40
20131010,1692.56
20131011,1703.20
20131014,1710.14
20131015,1698.06
20131016,1721.54
20131017,1733.15
20131018,1744.50
20131021,1744.66
20131022,1754.67
20131023,1746.38
20131024,1752.07
20131025,1759.77
20131028,1762.11
20131029,1771.95
20131030,1763.31
20131031,1756.54
20131101,1761.64
20131104,1767.93
20131105,1762.97
20131106,1770.49
20131107,1747.15
20131108,1770.61
20131111,1771.89
20131112,1767.69
20131113,1782.00
20131114,1790.62
20131115,1798.18
20131118,1791.53
20131119,1787.87
20131120,1781.37
20131121,1795.85
20131122,1804.76
20131125,1802.48
20131126,1802.75
20131127,1807.23
20131129,1805.81
20131202,1800.90
20131203,1795.15
20131204,1792.81
20131205,1785.03
20131206,1805.09
20131209,1808.37
20131210,1802.62
20131211,1782.22
20131212,1775.50
20131213,1775.32
20131216,1786.54
20131217,1781.00
20131218,1810.65
20131219,1809.60
20131220,1818.32
20131223,1827.99
20131224,1833.32
20131226,1842.02
20131227,1841.40
20131230,1841.07
20131231,1848.36
20140102,1831.98
20140103,1831.37
20140106,1826.77
20140107,1837.88
20140108,1837.49
20140109,1838.13
20140110,1842.37
20140113,1819.20
20140114,1838.88
20140115,1848.38
20140116,1845.89
20140117,1838.70
20140121,1843.80
20140122,1844.86
20140123,1828.46
20140124,1790.29
20140127,1781.56
20140128,1792.50
20140129,1774.20
20140130,1794.19
20140131,1782.59
20140203,1741.89
20140204,1755.20
20140205,1751.64
20140206,1773.43
20140207,1797.02
20140210,1799.84
20140211,1819.75
20140212,1819.26
20140213,1829.83
20140214,1838.63
20140218,1840.76
20140219,1828.75
20140220,1839.78
20140221,1836.25
20140224,1847.61
20140225,1845.12
20140226,1845.16
20140227,1854.29
20140228,1859.45
20140303,1845.73
20140304,1873.91
20140305,1873.81
20140306,1877.03
20140307,1878.04
20140310,1877.17
20140311,1867.63
20140312,1868.20
20140313,1846.34
20140314,1841.13
20140317,1858.83
20140318,1872.25
20140319,1860.77
20140320,1872.01
20140321,1866.52
20140324,1857.44
20140325,1865.62
20140326,1852.56
20140327,1849.04
20140328,1857.62
20140331,1872.34
20140401,1885.52
20140402,1890.90
20140403,1888.77
20140404,1865.09
20140407,1845.04
20140408,1851.96
20140409,1872.18
20140410,1833.08
20140411,1815.69
20140414,1830.61
20140415,1842.98
20140416,1862.31
20140417,1864.85
20140421,1871.89
20140422,1879.55
20140423,1875.39
20140424,1878.61
20140425,1863.40
20140428,1869.43
20140429,1878.33
20140430,1883.95
20140501,1883.68
20140502,1881.14
20140505,1884.66
20140506,1867.72
20140507,1878.21
20140508,1875.63
20140509,1878.48
20140512,1896.65
20140513,1897.45
20140514,1888.53
20140515,1870.85
20140516,1877.86
20140519,1885.08
20140520,1872.83
20140521,1888.03
20140522,1892.49
20140523,1900.53
20140527,1911.91
20140528,1909.78
20140529,1920.03
20140530,1923.57
20140602,1924.97
20140603,1924.24
20140604,1927.88
20140605,1940.46
20140606,1949.44
20140609,1951.27
20140610,1950.79
20140611,1943.89
20140612,1930.11
20140613,1936.16
20140616,1937.78
20140617,1941.99
20140618,1956.98
20140619,1959.48
20140620,1962.87
20140623,1962.61
20140624,1949.98
20140625,1959.53
20140626,1957.22
20140627,1960.96
20140630,1960.23
20140701,1973.32
20140702,1974.62
20140703,1985.44
20140707,1977.65
20140708,1963.71
20140709,1972.83
20140710,1964.68
20140711,1967.57
20140714,1977.10
20140715,1973.28
20140716,1981.57
20140717,1958.12
20140718,1978.22
20140721,1973.63
20140722,1983.53
20140723,1987.01
20140724,1987.98
20140725,1978.34
20140728,1978.91
20140729,1969.95
20140730,1970.07
20140731,1930.67
20140801,1925.15
20140804,1938.99
20140805,1920.21
20140806,1920.24
20140807,1909.57
20140808,1931.59
20140811,1936.92
20140812,1933.75
20140813,1946.72
20140814,1955.18
20140815,1955.06
20140818,1971.74
20140819,1981.60
20140820,1986.51
20140821,1992.37
20140822,1988.40
20140825,1997.92
20140826,2000.02
20140827,2000.12
20140828,1996.74
20140829,2003.37
20140902,2002.28
20140903,2000.72
20140904,1997.65
20140905,2007.71
20140908,2001.54
20140909,1988.44
20140910,1995.69
20140911,1997.45
20140912,1985.54
20140915,1984.13
20140916,1998.98
20140917,2001.57
20140918,2011.36
20140919,2010.40
20140922,1994.29
20140923,1982.77
20140924,1998.30
20140925,1965.99
20140926,1982.85
20140929,1977.80
20140930,1972.29
20141001,1946.16
20141002,1946.17
20141003,1967.90
20141006,1964.82
20141007,1935.10
20141008,1968.89
20141009,1928.21
20141010,1906.13
20141013,1874.74
20141014,1877.70
20141015,1862.49
20141016,1862.76
20141017,1886.76
20141020,1904.01
20141021,1941.28
20141022,1927.11
20141023,1950.82
20141024,1964.58
20141027,1961.63
20141028,1985.05
20141029,1982.30
20141030,1994.65
20141031,2018.05
20141103,2017.81
20141104,2012.10
20141105,2023.57
20141106,2031.21
20141107,2031.92
20141110,2038.26
20141111,2039.68
20141112,2038.25
20141113,2039.33
20141114,2039.82
20141117,2041.32
20141118,2051.80
20141119,2048.72
20141120,2052.75
20141121,2063.50
20141124,2069.41
20141125,2067.03
20141126,2072.83
20141128,2067.56
20141201,2053.44
20141202,2066.55
20141203,2074.33
20141204,2071.92
20141205,2075.37
20141208,2060.31
20141209,2059.82
20141210,2026.14
20141211,2035.33
20141212,2002.33
20141215,1989.63
20141216,1972.74
20141217,2012.89
20141218,2061.23
20141219,2070.65
20141222,2078.54
20141223,2082.17
20141224,2081.88
20141226,2088.77
20141229,2090.57
20141230,2080.35
20141231,2058.90
20150102,2058.20
20150105,2020.58
20150106,2002.61
20150107,2025.90
20150108,2062.14
20150109,2044.81
20150112,2028.26
20150113,2023.03
20150114,2011.27
20150115,1992.67
20150116,2019.42
20150120,2022.55
20150121,2032.12
20150122,2063.15
20150123,2051.82
20150126,2057.09
20150127,2029.55
20150128,2002.16
20150129,2021.25
20150130,1994.99
20150202,2020.85
20150203,2050.03
20150204,2041.51
20150205,2062.52
20150206,2055.47
20150209,2046.74
20150210,2068.59
20150211,2068.53
20150212,2088.48
20150213,2096.99
20150217,2100.34
20150218,2099.68
20150219,2097.45
20150220,2110.30
20150223,2109.66
20150224,2115.48
20150225,2113.86
20150226,2110.74
20150227,2104.50
20150302,2117.39
20150303,2107.78
20150304,2098.53
20150305,2101.04
20150306,2071.26
20150309,2079.43
20150310,2044.16
20150311,2040.24
20150312,2065.95
20150313,2053.40
20150316,2081.19
20150317,2074.28
20150318,2099.50
20150319,2089.27
20150320,2108.10
20150323,2104.42
20150324,2091.50
20150325,2061.05
20150326,2056.15
20150327,2061.02
20150330,2086.24
20150331,2067.89
20150401,2059.69
20150402,2066.96
20150406,2080.62
20150407,2076.33
20150408,2081.90
20150409,2091.18
20150410,2102.06
20150413,2092.43
20150414,2095.84
20150415,2106.63
20150416,2104.99
20150417,2081.18
20150420,2100.40
20150421,2097.29
20150422,2107.96
20150423,2112.93
20150424,2117.69
20150427,2108.92
20150428,2114.76
20150429,2106.85
20150430,2085.51
20150501,2108.29
20150504,2114.49
20150505,2089.46
20150506,2080.15
20150507,2088.00
20150508,2116.10
20150511,2105.33
20150512,2099.12
20150513,2098.48
20150514,2121.10
20150515,2122.73
20150518,2129.20
20150519,2127.83
20150520,2125.85
20150521,2130.82
20150522,2126.06
20150526,2104.20
20150527,2123.48
20150528,2120.79
20150529,2107.39
20150601,2111.73
20150602,2109.60
20150603,2114.07
20150604,2095.84
20150605,2092.83
20150608,2079.28
20150609,2080.15
20150610,2105.20
20150611,2108.86
20150612,2094.11
20150615,2084.43
20150616,2096.29
20150617,2100.44
20150618,2121.24
20150619,2109.99
20150622,2122.85
20150623,2124.20
20150624,2108.58
20150625,2102.31
20150626,2101.49
20150629,2057.64
20150630,2063.11
20150701,2077.42
20150702,2076.78
20150706,2068.76
20150707,2081.34
20150708,2046.68
20150709,2051.31
20150710,2076.62
20150713,2099.60
20150714,2108.95
20150715,2107.40
20150716,2124.29
20150717,2126.64
20150720,2128.28
20150721,2119.21
20150722,2114.15
20150723,2102.15
20150724,2079.65
20150727,2067.64
20150728,2093.25
20150729,2108.57
20150730,2108.63
20150731,2103.84
20150803,2098.04
20150804,2093.32
20150805,2099.84
20150806,2083.56
20150807,2077.57
20150810,2104.18
20150811,2084.07
20150812,2086.05
20150813,2083.39
20150814,2091.54
20150817,2102.44
20150818,2096.92
20150819,2079.61
20150820,2035.73
20150821,1970.89
20150824,1893.21
20150825,1867.61
20150826,1940.51
20150827,1987.66
20150828,1988.87
20150831,1972.18
20150901,1913.85
20150902,1948.86
20150903,1951.13
20150904,1921.22
20150908,1969.41
20150909,1942.04
20150910,1952.29
20150911,1961.05
20150914,1953.03
20150915,1978.09
20150916,1995.31
20150917,1990.20
20150918,1958.03
20150921,1966.97
20150922,1942.74
20150923,1938.76
20150924,1932.24
20150925,1931.34
20150928,1881.77
20150929,1884.09
20150930,1920.03
20151001,1923.82
20151002,1951.36
20151005,1987.05
20151006,1979.92
20151007,1995.83
20151008,2013.43
20151009,2014.89
20151012,2017.46
20151013,2003.69
20151014,1994.24
20151015,2023.86
20151016,2033.11
20151019,2033.66
20151020,2030.77
20151021,2018.94
20151022,2052.51
20151023,2075.15
20151026,2071.18
20151027,2065.89
20151028,2090.35
20151029,2089.41
20151030,2079.36
20151102,2104.05
20151103,2109.79
20151104,2102.31
20151105,2099.93
20151106,2099.20
20151109,2078.58
20151110,2081.72
20151111,2075.00
20151112,2045.97
20151113,2023.04
20151116,2053.19
20151117,2050.44
20151118,2083.58
20151119,2081.24
20151120,2089.17
20151123,2086.59
20151124,2089.14
20151125,2088.87
20151127,2090.11
20151130,2080.41
20151201,2102.63
20151202,2079.51
20151203,2049.62
20151204,2091.69
20151207,2077.07
20151208,2063.59
20151209,2047.62
20151210,2052.23
20151211,2012.37
20151214,2021.94
20151215,2043.41
20151216,2073.07
20151217,2041.89
20151218,2005.55
20151221,2021.15
20151222,2038.97
20151223,2064.29
20151224,2060.99
20151228,2056.50
20151229,2078.36
20151230,2063.36
20151231,2043.94
20160104,2012.66
20160105,2016.71
20160106,1990.26
20160107,1943.09
20160108,1922.03
20160111,1923.67
20160112,1938.68
20160113,1890.28
20160114,1921.84
20160115,1880.33
20160119,1881.33
20160120,1859.33
20160121,1868.99
20160122,1906.90
20160125,1877.08
20160126,1903.63
20160127,1882.95
20160128,1893.36
20160129,1940.24
20160201,1939.38
20160202,1903.03
20160203,1912.53
20160204,1915.45
20160205,1880.05
20160208,1853.44
20160209,1852.21
20160210,1851.86
20160211,1829.08
20160212,1864.78
20160216,1895.58
20160217,1926.82
20160218,1917.83
20160219,1917.78
20160222,1945.50
20160223,1921.27
20160224,1929.80
20160225,1951.70
20160226,1948.05
20160229,1932.23
20160301,1978.35
20160302,1986.45
20160303,1993.40
20160304,1999.99
20160307,2001.76
20160308,1979.26
20160309,1989.26
20160310,1989.57
20160311,2022.19
20160314,2019.64
20160315,2015.93
20160316,2027.22
20160317,2040.59
20160318,2049.58
20160321,2051.60
20160322,2049.80
20160323,2036.71
20160324,2035.94
20160328,2037.05
20160329,2055.01
20160330,2063.95
20160331,2059.74
20160401,2072.78
20160404,2066.13
20160405,2045.17
20160406,2066.66
20160407,2041.91
20160408,2047.60
20160411,2041.99
20160412,2061.72
20160413,2082.42
20160414,2082.78
20160415,2080.73
20160418,2094.34
20160419,2100.80
20160420,2102.40
20160421,2091.48
20160422,2091.58
20160425,2087.79
20160426,2091.70
20160427,2095.15
20160428,2075.81
20160429,2065.30
20160502,2081.43
20160503,2063.37
20160504,2051.12
20160505,2050.63
20160506,2057.14
20160509,2058.69
20160510,2084.39
20160511,2064.46
20160512,2064.11
20160513,2046.61
20160516,2066.66
20160517,2047.21
20160518,2047.63
20160519,2040.04
20160520,2052.32
20160523,2048.04
20160524,2076.06
20160525,2090.54
20160526,2090.10
20160527,2099.06
20160531,2096.96
20160601,2099.33
20160602,2105.26
20160603,2099.13
20160606,2109.41
20160607,2112.13
20160608,2119.12
20160609,2115.48
20160610,2096.07
20160613,2079.06
20160614,2075.32
20160615,2071.50
20160616,2077.99
20160617,2071.22
20160620,2083.25
20160621,2088.90
20160622,2085.45
20160623,2113.32
20160624,2037.41
20160627,2000.54
20160628,2036.09
20160629,2070.77
20160630,2098.86
20160701,2102.95
20160705,2088.55
20160706,2099.73
20160707,2097.90
20160708,2129.90
20160711,2137.16
20160712,2152.14
20160713,2152.43
20160714,2163.75
20160715,2161.74
20160718,2166.89
20160719,2163.78
20160720,2173.02
20160721,2165.17
20160722,2175.03
20160725,2168.48
20160726,2169.18
20160727,2166.58
20160728,2170.06
20160729,2173.60
20160801,2170.84
20160802,2157.03
20160803,2163.79
20160804,2164.25
20160805,2182.87
20160808,2180.89
20160809,2181.74
20160810,2175.49
20160811,2185.79
20160812,2184.05
20160815,2190.15
20160816,2178.15
20160817,2182.22
20160818,2187.02
20160819,2183.87
20160822,2182.64
20160823,2186.90
20160824,2175.44
20160825,2172.47
20160826,2169.04
20160829,2180.38
20160830,2176.12
20160831,2170.95
20160901,2170.86
20160902,2179.98
20160906,2186.48
20160907,2186.16
20160908,2181.30
20160909,2127.81
20160912,2159.04
20160913,2127.02
20160914,2125.77
20160915,2147.26
20160916,2139.16
20160919,2139.12
20160920,2139.76
20160921,2163.12
20160922,2177.18
20160923,2164.69
20160926,2146.10
20160927,2159.93
20160928,2171.37
20160929,2151.13
20160930,2168.27
20161003,2161.20
20161004,2150.49
20161005,2159.73
20161006,2160.77
20161007,2153.74
20161010,2163.66
20161011,2136.73
20161012,2139.18
20161013,2132.55
20161014,2132.98
20161017,2126.50
20161018,2139.60
20161019,2144.29
20161020,2141.34
20161021,2141.16
20161024,2151.33
20161025,2143.16
20161026,2139.43
20161027,2133.04
20161028,2126.41
20161031,2126.15
20161101,2111.72
20161102,2097.94
20161103,2088.66
20161104,2085.18
20161107,2131.52
20161108,2139.56
20161109,2163.26
20161110,2167.48
20161111,2164.45
20161114,2164.20
20161115,2180.39
20161116,2176.94
20161117,2187.12
20161118,2181.90
20161121,2198.18
20161122,2202.94
20161123,2204.72
20161125,2213.35
20161128,2201.72
20161129,2204.66
20161130,2198.81
20161201,2191.08
20161202,2191.95
20161205,2204.71
20161206,2212.23
20161207,2241.35
20161208,2246.19
20161209,2259.53
20161212,2256.96
20161213,2271.72
20161214,2253.28
20161215,2262.03
20161216,2258.07
20161219,2262.53
20161220,2270.76
20161221,2265.18
20161222,2260.96
20161223,2263.79
20161227,2268.88
20161228,2249.92
20161229,2249.26
20161230,2238.83
20170103,2257.83
20170104,2270.75
20170105,2269.00
20170106,2276.98
20170109,2268.90
20170110,2268.90
20170111,2275.32
20170112,2270.44
20170113,2274.64
20170117,2267.89
20170118,2271.89
20170119,2263.69
20170120,2271.31
20170123,2265.20
20170124,2280.07
20170125,2298.37
20170126,2296.68
20170127,2294.69
20170130,2280.90
20170131,2278.87
20170201,2279.55
20170202,2280.85
20170203,2297.42
20170206,2292.56
20170207,2293.08
20170208,2294.67
20170209,2307.87
20170210,2316.10
20170213,2328.25
20170214,2337.58
20170215,2349.25
20170216,2347.22
20170217,2351.16
20170221,2365.38
20170222,2362.82
20170223,2363.81
20170224,2367.34
20170227,2369.75
20170228,2363.64
20170301,2395.96
20170302,2381.92
20170303,2383.12
20170306,2375.31
20170307,2368.39
20170308,2362.98
20170309,2364.87
20170310,2372.60
20170313,2373.47
20170314,2365.45
20170315,2385.26
20170316,2381.38
20170317,2378.25
20170320,2373.47
20170321,2344.02
20170322,2348.45
20170323,2345.96
20170324,2343.98
20170327,2341.59
20170328,2358.57
20170329,2361.13
20170330,2368.06
20170331,2362.72
20170403,2358.84
20170404,2360.16
20170405,2352.95
20170406,2357.49
20170407,2355.54
20170410,2357.16
20170411,2353.78
20170412,2344.93
20170413,2328.95
20170417,2349.01
20170418,2342.19
20170419,2338.17
20170420,2355.84
20170421,2348.69
20170424,2374.15
20170425,2388.61
20170426,2387.45
20170427,2388.77
20170428,2384.20
20170501,2388.33
20170502,2391.17
20170503,2388.13
20170504,2389.52
20170505,2399.29
20170508,2399.38
20170509,2396.92
20170510,2399.63
20170511,2394.44
20170512,2390.90
20170515,2402.32
20170516,2400.67
20170517,2357.03
20170518,2365.72
20170519,2381.73
20170522,2394.02
20170523,2398.42
20170524,2404.39
20170525,2415.07
20170526,2415.82
20170530,2412.91
20170531,2411.80
20170601,2430.06
20170602,2439.07
20170605,2436.10
20170606,2429.33
20170607,2433.14
20170608,2433.79
20170609,2431.77
20170612,2429.39
20170613,2440.35
20170614,2437.92
20170615,2432.46
20170616,2433.15
20170619,2453.46
20170620,2437.03
20170621,2435.61
20170622,2434.50
20170623,2438.30
20170626,2439.07
20170627,2419.38
20170628,2440.69
20170629,2419.70
20170630,2423.41
20170703,2429.01
20170705,2432.54
20170706,2409.75
20170707,2425.18
20170710,2427.43
20170711,2425.53
20170712,2443.25
20170713,2447.83
20170714,2459.27
20170717,2459.14
20170718,2460.61
20170719,2473.83
20170720,2473.45
20170721,2472.54
20170724,2469.91
20170725,2477.13
20170726,2477.83
20170727,2475.42
20170728,2472.10
20170731,2470.30
20170801,2476.35
20170802,2477.57
20170803,2472.16
20170804,2476.83
20170807,2480.91
20170808,2474.92
20170809,2474.02
20170810,2438.21
20170811,2441.32
20170814,2465.84
20170815,2464.61
20170816,2468.11
20170817,2430.01
20170818,2425.55
20170821,2428.37
20170822,2452.51
20170823,2444.04
20170824,2438.97
20170825,2443.05
20170828,2444.24
20170829,2446.30
20170830,2457.59
20170831,2471.65
20170901,2476.55
20170905,2457.85
20170906,2465.54
20170907,2465.10
20170908,2461.43
20170911,2488.11
20170912,2496.48
20170913,2498.37
20170914,2495.62
20170915,2500.23
20170918,2503.87
20170919,2506.65
20170920,2508.24
20170921,2500.60
20170922,2502.22
20170925,2496.66
20170926,2496.84
20170927,2507.04
20170928,2510.06
20170929,2519.36
20171002,2529.12
20171003,2534.58
20171004,2537.74
20171005,2552.07
20171006,2549.33
20171009,2544.73
20171010,2550.64
20171011,2555.24
20171012,2550.93
20171013,2553.17
20171016,2557.64
20171017,2559.36
20171018,2561.26
20171019,2562.10
20171020,2575.21
20171023,2564.98
20171024,2569.13
20171025,2557.15
20171026,2560.40
20171027,2581.07
20171030,2572.83
20171031,2575.26
20171101,2579.36
20171102,2579.85
20171103,2587.84
20171106,2591.13
20171107,2590.64
20171108,2594.38
20171109,2584.62
20171110,2582.30
20171113,2584.84
20171114,2578.87
20171115,2564.62
20171116,2585.64
20171117,2578.85
20171120,2582.14
20171121,2599.03
20171122,2597.08
20171124,2602.42
20171127,2601.42
20171128,2627.04
20171129,2626.07
20171130,2647.58
20171201,2642.22
20171204,2639.44
20171205,2629.57
20171206,2629.27
20171207,2636.98
20171208,2651.50
20171211,2659.99
20171212,2664.11
20171213,2662.85
20171214,2652.01
20171215,2675.81
20171218,2690.16
20171219,2681.47
20171220,2679.25
20171221,2684.57
20171222,2683.34
20171226,2680.50
20171227,2682.62
20171228,2687.54
20171229,2673.61
20180102,2695.81
20180103,2713.06
20180104,2723.99
20180105,2743.15
20180108,2747.71
20180109,2751.29
20180110,2748.23
20180111,2767.56
20180112,2786.24
20180116,2776.42
20180117,2802.56
20180118,2798.03
20180119,2810.30
20180122,2832.97
20180123,2839.13
20180124,2837.54
20180125,2839.25
20180126,2872.87
20180129,2853.53
20180130,2822.43
20180131,2823.81
20180201,2821.98
20180202,2762.13
20180205,2648.94
20180206,2695.14
20180207,2681.66
20180208,2581.00
20180209,2619.55
20180212,2656.00
20180213,2662.94
20180214,2698.63
20180215,2731.20
20180216,2732.22
20180220,2716.26
20180221,2701.33
20180222,2703.96
20180223,2747.30
20180226,2779.60
20180227,2744.28
20180228,2713.83
20180301,2677.67
20180302,2691.25
20180305,2720.94
20180306,2728.12
20180307,2726.80
20180308,2738.97
20180309,2786.57
20180312,2783.02
20180313,2765.31
20180314,2749.48
20180315,2747.33
20180316,2752.01
20180319,2712.92
20180320,2716.94
20180321,2711.93
20180322,2643.69
20180323,2588.26
20180326,2658.55
20180327,2612.62
20180328,2605.00
20180329,2640.87
20180402,2581.88
20180403,2614.45
20180404,2644.69
20180405,2662.84
20180406,2604.47
20180409,2613.16
20180410,2656.87
20180411,2642.19
20180412,2663.99
20180413,2656.30
20180416,2677.84
20180417,2706.39
20180418,2708.64
20180419,2693.13
20180420,2670.14
20180423,2670.29
20180424,2634.56
20180425,2639.40
20180426,2666.94
20180427,2669.91
20180430,2648.05
20180501,2654.80
20180502,2635.67
20180503,2629.73
20180504,2663.42
20180507,2672.63
20180508,2671.92
20180509,2697.79
20180510,2723.07
20180511,2727.72
20180514,2730.13
20180515,2711.45
20180516,2722.46
20180517,2720.13
20180518,2712.97
20180521,2733.01
20180522,2724.44
20180523,2733.29
20180524,2727.76
20180525,2721.33
20180529,2689.86
20180530,2724.01
20180531,2705.27
20180601,2734.62
20180604,2746.87
20180605,2748.80
20180606,2772.35
20180607,2770.37
20180608,2779.03
20180611,2782.00
20180612,2786.85
20180613,2775.63
20180614,2782.49
20180615,2779.66
20180618,2773.75
20180619,2762.59
20180620,2767.32
20180621,2749.76
20180622,2754.88
20180625,2717.07
20180626,2723.06
20180627,2699.63
20180628,2716.31
20180629,2718.37
20180702,2726.71
20180703,2713.22
20180705,2736.61
20180706,2759.82
20180709,2784.17
20180710,2793.84
20180711,2774.02
20180712,2798.29
20180713,2801.31
20180716,2798.43
20180717,2809.55
20180718,2815.62
20180719,2804.49
20180720,2801.83
20180723,2806.98
20180724,2820.40
20180725,2846.07
20180726,2837.44
20180727,2818.82
20180730,2802.60
20180731,2816.29
20180801,2813.36
20180802,2827.22
20180803,2840.35
20180806,2850.40
20180807,2858.45
20180808,2857.70
20180809,2853.58
20180810,2833.28
20180813,2821.93
20180814,2839.96
20180815,2818.37
20180816,2840.69
20180817,2850.13
20180820,2857.05
20180821,2862.96
20180822,2861.82
20180823,2856.98
20180824,2874.69
20180827,2896.74
20180828,2897.52
20180829,2914.04
20180830,2901.13
20180831,2901.52
20180904,2896.72
20180905,2888.60
20180906,2878.05
20180907,2871.68
20180910,2877.13
20180911,2887.89
20180912,2888.92
20180913,2904.18
20180914,2904.98
20180917,2888.80
20180918,2904.31
20180919,2907.95
20180920,2930.75
20180921,2929.67
20180924,2919.37
20180925,2915.56
20180926,2905.97
20180927,2914.00
20180928,2913.98
20181001,2924.59
20181002,2923.43
20181003,2925.51
20181004,2901.61
20181005,2885.57
20181008,2884.43
20181009,2880.34
20181010,2785.68
20181011,2728.37
20181012,2767.13
20181015,2750.79
20181016,2809.92
20181017,2809.21
20181018,2768.78
20181019,2767.78
20181022,2755.88
20181023,2740.69
20181024,2656.10
20181025,2705.57
20181026,2658.69
20181029,2641.25
20181030,2682.63
20181031,2711.74
20181101,2740.37
20181102,2723.06
20181105,2738.31
20181106,2755.45
20181107,2813.89
20181108,2806.83
20181109,2781.01
20181112,2726.22
20181113,2722.18
20181114,2701.58
20181115,2730.20
20181116,2736.27
20181119,2690.73
20181120,2641.89
20181121,2649.93
20181123,2632.56
20181126,2673.45
20181127,2682.17
20181128,2743.79
20181129,2737.76
20181130,2760.17
20181203,2790.37
20181204,2700.06
20181206,2695.95
20181207,2633.08
20181210,2637.72
20181211,2636.78
20181212,2651.07
20181213,2650.54
20181214,2599.95
20181217,2545.94
20181218,2546.16
20181219,2506.96
20181220,2467.42
20181221,2416.62
20181224,2351.10
20181226,2467.70
20181227,2488.83
20181228,2485.74
20181231,2506.85
20190102,2510.03
20190103,2447.89
20190104,2531.94
20190107,2549.69
20190108,2574.41
20190109,2584.96
20190110,2596.64
20190111,2596.26
20190114,2582.61
20190115,2610.30
20190116,2616.10
20190117,2635.96
20190118,2670.71
20190122,2632.90
20190123,2638.70
20190124,2642.33
20190125,2664.76
20190128,2643.85
20190129,2640.00
20190130,2681.05
20190131,2704.10
20190201,2706.53
20190204,2724.87
20190205,2737.70
20190206,2731.61
20190207,2706.05
20190208,2707.88
20190211,2709.80
20190212,2744.73
20190213,2753.03
20190214,2745.73
20190215,2775.60
20190219,2779.76
20190220,2784.70
20190221,2774.88
20190222,2792.67
20190225,2796.11
20190226,2793.90
20190227,2792.38
20190228,2784.49
20190301,2803.69
20190304,2792.81
20190305,2789.65
20190306,2771.45
20190307,2748.93
20190308,2743.07
20190311,2783.30
20190312,2791.52
20190313,2810.92
20190314,2808.48
20190315,2822.48
20190318,2832.94
20190319,2832.57
20190320,2824.23
20190321,2854.88
20190322,2800.71
20190325,2798.36
20190326,2818.46
20190327,2805.37
20190328,2815.44
20190329,2834.40
20190401,2867.19
20190402,2867.24
20190403,2873.40
20190404,2879.39
20190405,2892.74
20190408,2895.77
20190409,2878.20
20190410,2888.21
20190411,2888.32
20190412,2907.41
20190415,2905.58
20190416,2907.06
20190417,2900.45
20190418,2905.03
20190422,2907.97
20190423,2933.68
20190424,2927.25
20190425,2926.17
20190426,2939.88
20190429,2943.03
20190430,2945.83
20190501,2923.73
20190502,2917.52
20190503,2945.64
20190506,2932.47
20190507,2884.05
20190508,2879.42
20190509,2870.72
20190510,2881.40
20190513,2811.87
20190514,2834.41
20190515,2850.96
20190516,2876.32
20190517,2859.53
20190520,2840.23
20190521,2864.36
20190522,2856.27
20190523,2822.24
20190524,2826.06
20190528,2802.39
20190529,2783.02
20190530,2788.86
20190531,2752.06
20190603,2744.45
20190604,2803.27
20190605,2826.15
20190606,2843.49
20190607,2873.34
20190610,2886.73
20190611,2885.72
20190612,2879.84
20190613,2891.64
20190614,2886.98
20190617,2889.67
20190618,2917.75
20190619,2926.46
20190620,2954.18
20190621,2950.46
20190624,2945.35
20190625,2917.38
20190626,2913.78
20190627,2924.92
20190628,2941.76
20190701,2964.33
20190702,2973.01
20190703,2995.82
20190705,2990.41
20190708,2975.95
20190709,2979.63
20190710,2993.07
20190711,2999.91
20190712,3013.77
20190715,3014.30
20190716,3004.04
20190717,2984.42
20190718,2995.11
20190719,2976.61
20190722,2985.03
20190723,3005.47
20190724,3019.56
20190725,3003.67
20190726,3025.86
20190729,3020.97
20190730,3013.18
20190731,2980.38
20190801,2953.56
20190802,2932.05
20190805,2844.74
20190806,2881.77
20190807,2883.98
20190808,2938.09
20190809,2918.65
20190812,2883.09
20190813,2926.32
20190814,2840.60
20190815,2847.60
20190816,2888.68
20190819,2923.65
20190820,2900.51
20190821,2924.43
20190822,2922.95
20190823,2847.11
20190826,2878.38
20190827,2869.16
20190828,2887.94
20190829,2924.58
20190830,2926.46
20190903,2906.27
20190904,2937.78
20190905,2976.00
20190906,2978.71
20190909,2978.43
20190910,2979.39
20190911,3000.93
20190912,3009.57
20190913,3007.39
20190916,2997.96
20190917,3005.70
20190918,3006.73
20190919,3006.79
20190920,2992.07
20190923,2991.78
20190924,2966.60
20190925,2984.87
20190926,2977.62
20190927,2961.79
20190930,2976.74
20191001,2940.25
20191002,2887.61
20191003,2910.63
20191004,2952.01
20191007,2938.79
20191008,2893.06
20191009,2919.40
20191010,2938.13
20191011,2970.27
20191014,2966.15
20191015,2995.68
20191016,2989.69
20191017,2997.95
20191018,2986.20
20191021,3006.72
20191022,2995.99
20191023,3004.52
20191024,3010.29
20191025,3022.55
20191028,3039.42
20191029,3036.89
20191030,3046.77
20191031,3037.56
20191101,3066.91
20191104,3078.27
20191105,3074.62
20191106,3076.78
20191107,3085.18
20191108,3093.08
20191111,3087.01
20191112,3091.84
20191113,3094.04
20191114,3096.63
20191115,3120.46
20191118,3122.03
20191119,3120.18
20191120,3108.46
20191121,3103.54
20191122,3110.29
20191125,3133.64
20191126,3140.52
20191127,3153.63
20191129,3140.98
20191202,3113.87
20191203,3093.20
20191204,3112.76
20191205,3117.43
20191206,3145.91
20191209,3135.96
20191210,3132.52
20191211,3141.63
20191212,3168.57
20191213,3168.80
20191216,3191.45
20191217,3192.52
20191218,3191.14
20191219,3205.37
20191220,3221.22
20191223,3224.01
20191224,3223.38
20191226,3239.91
20191227,3240.02
20191230,3221.29
20191231,3230.78
20200102,3257.85
20200103,3234.85
20200106,3246.28
20200107,3237.18
20200108,3253.05
20200109,3274.70
20200110,3265.35
20200113,3288.13
20200114,3283.15
20200115,3289.29
20200116,3316.81
20200117,3329.62
20200121,3320.79
20200122,3321.75
20200123,3325.54
20200124,3295.47
20200127,3243.63
20200128,3276.24
20200129,3273.40
20200130,3283.66
20200131,3225.52
20200203,3248.92
20200204,3297.59
20200205,3334.69
20200206,3345.78
20200207,3327.71
20200210,3352.09
20200211,3357.75
20200212,3379.45
20200213,3373.94
20200214,3380.16
20200218,3370.29
20200219,3386.15
20200220,3373.23
20200221,3337.75
20200224,3225.89
20200225,3128.21
20200226,3116.39
20200227,2978.76
20200228,2954.22
20200302,3090.23
20200303,3003.37
20200304,3130.12
20200305,3023.94
20200306,2972.37
20200309,2746.56
20200310,2882.23
20200311,2741.38
20200312,2480.64
20200313,2711.02
20200316,2386.13
20200317,2529.19
20200318,2398.10
20200319,2409.39
20200320,2304.92
20200323,2237.40
20200324,2447.33
20200325,2475.56
20200326,2630.07
20200327,2541.47
20200330,2626.65
20200331,2584.59
20200401,2470.50
20200402,2526.90
20200403,2488.65
20200406,2663.68
20200407,2659.41
20200408,2749.98
20200409,2789.82
20200413,2761.63
20200414,2846.06
20200415,2783.36
20200416,2799.55
20200417,2874.56
20200420,2823.16
20200421,2736.56
20200422,2799.31
20200423,2797.80
20200424,2836.74
20200427,2878.48
20200428,2863.39
20200429,2939.51
20200430,2912.43
20200501,2830.71
20200504,2842.74
20200505,2868.44
20200506,2848.42
20200507,2881.19
20200508,2929.80
20200511,2930.32
20200512,2870.12
20200513,2820.00
20200514,2852.50
20200515,2863.70
20200518,2953.91
20200519,2922.94
20200520,2971.61
20200521,2948.51
20200522,2955.45
20200526,2991.77
20200527,3036.13
20200528,3029.73
20200529,3044.31
20200601,3055.73
20200602,3080.82
20200603,3122.87
20200604,3112.35
20200605,3193.93
20200608,3232.39
20200609,3207.18
20200610,3190.14
20200611,3002.10
20200612,3041.31
20200615,3066.59
20200616,3124.74
20200617,3113.49
20200618,3115.34
20200619,3097.74
20200622,3117.86
20200623,3131.29
20200624,3050.33
20200625,3083.76
20200626,3009.05
20200629,3053.24
20200630,3100.29
20200701,3115.86
20200702,3130.01
20200706,3179.72
20200707,3145.32
20200708,3169.94
20200709,3152.05
20200710,3185.04
20200713,3155.22
20200714,3197.52
20200715,3226.56
20200716,3215.57
20200717,3224.73
20200720,3251.84
20200721,3257.30
20200722,3276.02
20200723,3235.66
20200724,3215.63
20200727,3239.41
20200728,3218.44
20200729,3258.44
20200730,3246.22
20200731,3271.12
20200803,3294.61
20200804,3306.51
20200805,3327.77
20200806,3349.16
20200807,3351.28
20200810,3360.47
20200811,3333.69
20200812,3380.35
20200813,3373.43
20200814,3372.85
20200817,3381.99
20200818,3389.78
20200819,3374.85
20200820,3385.51
20200821,3397.16
20200824,3431.28
20200825,3443.62
20200826,3478.73
20200827,3484.55
20200828,3508.01
20200831,3500.31
20200901,3526.65
20200902,3580.84
20200903,3455.06
20200904,3426.96
20200908,3331.84
20200909,3398.96
20200910,3339.19
20200911,3340.97
20200914,3383.54
20200915,3401.20
20200916,3385.49
20200917,3357.01
20200918,3319.47
20200921,3281.06
20200922,3315.57
20200923,3236.92
20200924,3246.59
20200925,3298.46
20200928,3351.60
20200929,3335.47
20200930,3363.00
20201001,3380.80
20201002,3348.44
20201005,3408.63
20201006,3360.95
20201007,3419.45
20201008,3446.83
20201009,3477.13
20201012,3534.22
20201013,3511.93
20201014,3488.67
20201015,3483.34
20201016,3483.81
20201019,3426.92
20201020,3443.12
20201021,3435.56
20201022,3453.49
20201023,3465.39
20201026,3400.97
20201027,3390.68
20201028,3271.03
20201029,3310.11
20201030,3269.96
20201102,3310.24
20201103,3369.16
20201104,3443.44
20201105,3510.45
20201106,3509.44
20201109,3550.50
20201110,3545.53
20201111,3572.66
20201112,3537.01
20201113,3585.15
20201116,3626.91
20201117,3609.53
20201118,3567.79
20201119,3581.87
20201120,3557.54
20201123,3577.59
20201124,3635.41
20201125,3629.65
20201127,3638.35
20201130,3621.63
20201201,3662.45
20201202,3669.01
20201203,3666.72
20201204,3699.12
20201207,3691.96
20201208,3702.25
20201209,3672.82
20201210,3668.10
20201211,3663.46
20201214,3647.49
20201215,3694.62
20201216,3701.17
20201217,3722.48
20201218,3709.41
20201221,3694.92
20201222,3687.26
20201223,3690.01
20201224,3703.06
20201228,3735.36
20201229,3727.04
20201230,3732.04
20201231,3756.07
